sequence,obstacle_count,representation_scope,obstacle_radius_m,safety_distance_m,inflated_radius_m,circle_area_m2,inflated_circle_area_m2,occupancy_resolution_m,bbox_min_x_m,bbox_max_x_m,bbox_min_y_m,bbox_max_y_m,bounding_box_area_m2,occupancy_grid_cells,occupancy_blocked_cells,occupancy_area_m2,occupancy_fill_ratio,bbox_over_occupancy_ratio
3,1,2d_ground_plane,0.2,0.5,0.7,0.1257,1.5394,0.1,-1.4595,-0.0595,1.6165,3.0165,1.96,196,156,1.56,0.7959,1.2564
10,1,2d_ground_plane,0.2,0.5,0.7,0.1257,1.5394,0.1,-1.4059,-0.006,-2.2893,-0.8893,1.96,196,156,1.56,0.7959,1.2564
1,1,2d_ground_plane,0.2,0.5,0.7,0.1257,1.5394,0.1,-1.4595,-0.0595,1.6165,3.0165,1.96,196,156,1.56,0.7959,1.2564
2,1,2d_ground_plane,0.2,0.5,0.7,0.1257,1.5394,0.1,-1.4595,-0.0595,1.6165,3.0165,1.96,196,156,1.56,0.7959,1.2564
4,1,2d_ground_plane,0.2,0.5,0.7,0.1257,1.5394,0.1,-1.4595,-0.0595,1.6165,3.0165,1.96,196,156,1.56,0.7959,1.2564
5,1,2d_ground_plane,0.2,0.5,0.7,0.1257,1.5394,0.1,-1.4595,-0.0595,1.6165,3.0165,1.96,196,156,1.56,0.7959,1.2564
6,1,2d_ground_plane,0.2,0.5,0.7,0.1257,1.5394,0.1,-1.4595,-0.0595,1.6165,3.0165,1.96,196,156,1.56,0.7959,1.2564
7,1,2d_ground_plane,0.2,0.5,0.7,0.1257,1.5394,0.1,-1.4595,-0.0595,1.6165,3.0165,1.96,196,156,1.56,0.7959,1.2564
8,1,2d_ground_plane,0.2,0.5,0.7,0.1257,1.5394,0.1,-1.4059,-0.006,-2.2893,-0.8893,1.96,196,156,1.56,0.7959,1.2564
9,1,2d_ground_plane,0.2,0.5,0.7,0.1257,1.5394,0.1,-1.4059,-0.006,-2.2893,-0.8893,1.96,196,156,1.56,0.7959,1.2564
11,1,2d_ground_plane,0.2,0.5,0.7,0.1257,1.5394,0.1,-1.4059,-0.006,-2.2893,-0.8893,1.96,196,156,1.56,0.7959,1.2564
12,1,2d_ground_plane,0.2,0.5,0.7,0.1257,1.5394,0.1,-1.4059,-0.006,-2.2893,-0.8893,1.96,196,156,1.56,0.7959,1.2564
13,1,2d_ground_plane,0.2,0.5,0.7,0.1257,1.5394,0.1,-1.4059,-0.006,-2.2893,-0.8893,1.96,196,156,1.56,0.7959,1.2564
14,1,2d_ground_plane,0.2,0.5,0.7,0.1257,1.5394,0.1,-1.4059,-0.006,-2.2893,-0.8893,1.96,196,156,1.56,0.7959,1.2564
15,1,2d_ground_plane,0.2,0.5,0.7,0.1257,1.5394,0.1,-1.4059,-0.006,-2.2893,-0.8893,1.96,196,156,1.56,0.7959,1.2564
16,1,2d_ground_plane,0.2,0.5,0.7,0.1257,1.5394,0.1,-1.4059,-0.006,-2.2893,-0.8893,1.96,196,156,1.56,0.7959,1.2564
17,1,2d_ground_plane,0.2,0.5,0.7,0.1257,1.5394,0.1,-1.4059,-0.006,-2.2893,-0.8893,1.96,196,156,1.56,0.7959,1.2564
18,1,2d_ground_plane,0.2,0.5,0.7,0.1257,1.5394,0.1,-1.4059,-0.006,-2.2893,-0.8893,1.96,196,156,1.56,0.7959,1.2564
19,1,2d_ground_plane,0.2,0.5,0.7,0.1257,1.5394,0.1,-1.4059,-0.006,-2.2893,-0.8893,1.96,196,156,1.56,0.7959,1.2564
20,1,2d_ground_plane,0.2,0.5,0.7,0.1257,1.5394,0.1,0.5808,1.9808,-0.6799,0.7201,1.96,196,156,1.56,0.7959,1.2564
21,1,2d_ground_plane,0.2,0.5,0.7,0.1257,1.5394,0.1,0.5808,1.9808,-0.6799,0.7201,1.96,196,156,1.56,0.7959,1.2564
22,1,2d_ground_plane,0.2,0.5,0.7,0.1257,1.5394,0.1,0.5808,1.9808,-0.6799,0.7201,1.96,196,156,1.56,0.7959,1.2564
23,1,2d_ground_plane,0.2,0.5,0.7,0.1257,1.5394,0.1,0.5808,1.9808,-0.6799,0.7201,1.96,196,156,1.56,0.7959,1.2564
24,1,2d_ground_plane,0.2,0.5,0.7,0.1257,1.5394,0.1,0.5808,1.9808,-0.6799,0.7201,1.96,196,156,1.56,0.7959,1.2564
25,1,2d_ground_plane,0.2,0.5,0.7,0.1257,1.5394,0.1,0.5808,1.9808,-0.6799,0.7201,1.96,196,156,1.56,0.7959,1.2564
26,1,2d_ground_plane,0.2,0.5,0.7,0.1257,1.5394,0.1,0.5808,1.9808,-0.6799,0.7201,1.96,196,156,1.56,0.7959,1.2564
27,1,2d_ground_plane,0.2,0.5,0.7,0.1257,1.5394,0.1,0.5808,1.9808,-0.6799,0.7201,1.96,196,156,1.56,0.7959,1.2564
28,1,2d_ground_plane,0.2,0.5,0.7,0.1257,1.5394,0.1,0.5808,1.9808,-0.6799,0.7201,1.96,196,156,1.56,0.7959,1.2564
29,1,2d_ground_plane,0.2,0.5,0.7,0.1257,1.5394,0.1,0.5808,1.9808,-0.6799,0.7201,1.96,196,156,1.56,0.7959,1.2564
30,1,2d_ground_plane,0.2,0.5,0.7,0.1257,1.5394,0.1,0.5808,1.9808,-0.6799,0.7201,1.96,196,156,1.56,0.7959,1.2564
31,1,2d_ground_plane,0.2,0.5,0.7,0.1257,1.5394,0.1,0.5808,1.9808,-0.6799,0.7201,1.96,196,156,1.56,0.7959,1.2564
32,1,2d_ground_plane,0.2,0.5,0.7,0.1257,1.5394,0.1,0.5808,1.9808,-0.6799,0.7201,1.96,196,156,1.56,0.7959,1.2564
33,1,2d_ground_plane,0.2,0.5,0.7,0.1257,1.5394,0.1,0.5808,1.9808,-0.6799,0.7201,1.96,196,156,1.56,0.7959,1.2564
34,1,2d_ground_plane,0.2,0.5,0.7,0.1257,1.5394,0.1,0.5808,1.9808,-0.6799,0.7201,1.96,196,156,1.56,0.7959,1.2564
35,1,2d_ground_plane,0.2,0.5,0.7,0.1257,1.5394,0.1,0.5808,1.9808,-0.6799,0.7201,1.96,196,156,1.56,0.7959,1.2564
36,1,2d_ground_plane,0.2,0.5,0.7,0.1257,1.5394,0.1,0.5808,1.9808,-0.6799,0.7201,1.96,196,156,1.56,0.7959,1.2564
37,1,2d_ground_plane,0.2,0.5,0.7,0.1257,1.5394,0.1,0.5808,1.9808,-0.6799,0.7201,1.96,196,156,1.56,0.7959,1.2564
38,1,2d_ground_plane,0.2,0.5,0.7,0.1257,1.5394,0.1,0.5808,1.9808,-0.6799,0.7201,1.96,196,156,1.56,0.7959,1.2564
39,1,2d_ground_plane,0.2,0.5,0.7,0.1257,1.5394,0.1,0.5808,1.9808,-0.6799,0.7201,1.96,196,156,1.56,0.7959,1.2564
40,1,2d_ground_plane,0.2,0.5,0.7,0.1257,1.5394,0.1,0.5808,1.9808,-0.6799,0.7201,1.96,196,156,1.56,0.7959,1.2564
41,1,2d_ground_plane,0.2,0.5,0.7,0.1257,1.5394,0.1,0.5808,1.9808,-0.6799,0.7201,1.96,196,156,1.56,0.7959,1.2564
42,1,2d_ground_plane,0.2,0.5,0.7,0.1257,1.5394,0.1,0.5808,1.9808,-0.6799,0.7201,1.96,196,156,1.56,0.7959,1.2564
43,1,2d_ground_plane,0.2,0.5,0.7,0.1257,1.5394,0.1,0.5808,1.9808,-0.6799,0.7201,1.96,196,156,1.56,0.7959,1.2564
44,1,2d_ground_plane,0.2,0.5,0.7,0.1257,1.5394,0.1,0.5808,1.9808,-0.6799,0.7201,1.96,196,156,1.56,0.7959,1.2564
45,1,2d_ground_plane,0.2,0.5,0.7,0.1257,1.5394,0.1,0.5808,1.9808,-0.6799,0.7201,1.96,196,156,1.56,0.7959,1.2564
46,1,2d_ground_plane,0.2,0.5,0.7,0.1257,1.5394,0.1,0.5808,1.9808,-0.6799,0.7201,1.96,196,156,1.56,0.7959,1.2564
47,1,2d_ground_plane,0.2,0.5,0.7,0.1257,1.5394,0.1,0.5808,1.9808,-0.6799,0.7201,1.96,196,156,1.56,0.7959,1.2564
48,1,2d_ground_plane,0.2,0.5,0.7,0.1257,1.5394,0.1,0.5808,1.9808,-0.6799,0.7201,1.96,196,156,1.56,0.7959,1.2564
49,1,2d_ground_plane,0.2,0.5,0.7,0.1257,1.5394,0.1,0.5808,1.9808,-0.6799,0.7201,1.96,196,156,1.56,0.7959,1.2564
50,1,2d_ground_plane,0.2,0.5,0.7,0.1257,1.5394,0.1,0.5808,1.9808,-0.6799,0.7201,1.96,196,156,1.56,0.7959,1.2564
51,1,2d_ground_plane,0.2,0.5,0.7,0.1257,1.5394,0.1,0.5808,1.9808,-0.6799,0.7201,1.96,196,156,1.56,0.7959,1.2564
52,1,2d_ground_plane,0.2,0.5,0.7,0.1257,1.5394,0.1,0.5808,1.9808,-0.6799,0.7201,1.96,196,156,1.56,0.7959,1.2564
53,1,2d_ground_plane,0.2,0.5,0.7,0.1257,1.5394,0.1,0.5808,1.9808,-0.6799,0.7201,1.96,196,156,1.56,0.7959,1.2564
54,1,2d_ground_plane,0.2,0.5,0.7,0.1257,1.5394,0.1,0.5808,1.9808,-0.6799,0.7201,1.96,196,156,1.56,0.7959,1.2564
55,1,2d_ground_plane,0.2,0.5,0.7,0.1257,1.5394,0.1,0.5808,1.9808,-0.6799,0.7201,1.96,196,156,1.56,0.7959,1.2564
56,1,2d_ground_plane,0.2,0.5,0.7,0.1257,1.5394,0.1,0.5808,1.9808,-0.6799,0.7201,1.96,196,156,1.56,0.7959,1.2564
57,1,2d_ground_plane,0.2,0.5,0.7,0.1257,1.5394,0.1,0.5808,1.9808,-0.6799,0.7201,1.96,196,156,1.56,0.7959,1.2564
58,1,2d_ground_plane,0.2,0.5,0.7,0.1257,1.5394,0.1,0.5808,1.9808,-0.6799,0.7201,1.96,196,156,1.56,0.7959,1.2564
59,1,2d_ground_plane,0.2,0.5,0.7,0.1257,1.5394,0.1,0.5808,1.9808,-0.6799,0.7201,1.96,196,156,1.56,0.7959,1.2564
60,1,2d_ground_plane,0.2,0.5,0.7,0.1257,1.5394,0.1,0.5808,1.9808,-0.6799,0.7201,1.96,196,156,1.56,0.7959,1.2564
61,1,2d_ground_plane,0.2,0.5,0.7,0.1257,1.5394,0.1,0.5808,1.9808,-0.6799,0.7201,1.96,196,156,1.56,0.7959,1.2564
62,1,2d_ground_plane,0.2,0.5,0.7,0.1257,1.5394,0.1,0.5808,1.9808,-0.6799,0.7201,1.96,196,156,1.56,0.7959,1.2564
63,1,2d_ground_plane,0.2,0.5,0.7,0.1257,1.5394,0.1,0.5808,1.9808,-0.6799,0.7201,1.96,196,156,1.56,0.7959,1.2564
64,1,2d_ground_plane,0.2,0.5,0.7,0.1257,1.5394,0.1,0.5808,1.9808,-0.6799,0.7201,1.96,196,156,1.56,0.7959,1.2564
65,1,2d_ground_plane,0.2,0.5,0.7,0.1257,1.5394,0.1,0.5808,1.9808,-0.6799,0.7201,1.96,196,156,1.56,0.7959,1.2564
66,1,2d_ground_plane,0.2,0.5,0.7,0.1257,1.5394,0.1,0.5808,1.9808,-0.6799,0.7201,1.96,196,156,1.56,0.7959,1.2564
67,1,2d_ground_plane,0.2,0.5,0.7,0.1257,1.5394,0.1,0.5808,1.9808,-0.6799,0.7201,1.96,196,156,1.56,0.7959,1.2564
116,1,2d_ground_plane,0.2,0.5,0.7,0.1257,1.5394,0.1,-1.968,-0.568,1.7069,3.1069,1.96,196,156,1.56,0.7959,1.2564
117,1,2d_ground_plane,0.2,0.5,0.7,0.1257,1.5394,0.1,-1.968,-0.568,1.7069,3.1069,1.96,196,156,1.56,0.7959,1.2564
118,1,2d_ground_plane,0.2,0.5,0.7,0.1257,1.5394,0.1,-1.968,-0.568,1.7069,3.1069,1.96,196,156,1.56,0.7959,1.2564
119,1,2d_ground_plane,0.2,0.5,0.7,0.1257,1.5394,0.1,-1.968,-0.568,1.7069,3.1069,1.96,196,156,1.56,0.7959,1.2564
120,1,2d_ground_plane,0.2,0.5,0.7,0.1257,1.5394,0.1,-1.968,-0.568,1.7069,3.1069,1.96,196,156,1.56,0.7959,1.2564
121,1,2d_ground_plane,0.2,0.5,0.7,0.1257,1.5394,0.1,-1.968,-0.568,1.7069,3.1069,1.96,196,156,1.56,0.7959,1.2564
122,1,2d_ground_plane,0.2,0.5,0.7,0.1257,1.5394,0.1,-1.968,-0.568,1.7069,3.1069,1.96,196,156,1.56,0.7959,1.2564
123,1,2d_ground_plane,0.2,0.5,0.7,0.1257,1.5394,0.1,-1.968,-0.568,1.7069,3.1069,1.96,196,156,1.56,0.7959,1.2564
124,1,2d_ground_plane,0.2,0.5,0.7,0.1257,1.5394,0.1,-1.968,-0.568,1.7069,3.1069,1.96,196,156,1.56,0.7959,1.2564
125,1,2d_ground_plane,0.2,0.5,0.7,0.1257,1.5394,0.1,-1.968,-0.568,1.7069,3.1069,1.96,196,156,1.56,0.7959,1.2564
126,1,2d_ground_plane,0.2,0.5,0.7,0.1257,1.5394,0.1,-1.968,-0.568,1.7069,3.1069,1.96,196,156,1.56,0.7959,1.2564
127,1,2d_ground_plane,0.2,0.5,0.7,0.1257,1.5394,0.1,-1.968,-0.568,1.7069,3.1069,1.96,196,156,1.56,0.7959,1.2564
128,1,2d_ground_plane,0.2,0.5,0.7,0.1257,1.5394,0.1,-1.968,-0.568,1.7069,3.1069,1.96,196,156,1.56,0.7959,1.2564
129,1,2d_ground_plane,0.2,0.5,0.7,0.1257,1.5394,0.1,-1.968,-0.568,1.7069,3.1069,1.96,196,156,1.56,0.7959,1.2564
130,1,2d_ground_plane,0.2,0.5,0.7,0.1257,1.5394,0.1,-1.968,-0.568,1.7069,3.1069,1.96,196,156,1.56,0.7959,1.2564
131,1,2d_ground_plane,0.2,0.5,0.7,0.1257,1.5394,0.1,-1.968,-0.568,1.7069,3.1069,1.96,196,156,1.56,0.7959,1.2564
132,1,2d_ground_plane,0.2,0.5,0.7,0.1257,1.5394,0.1,-1.968,-0.568,1.7069,3.1069,1.96,196,156,1.56,0.7959,1.2564
133,1,2d_ground_plane,0.2,0.5,0.7,0.1257,1.5394,0.1,-1.968,-0.568,1.7069,3.1069,1.96,196,156,1.56,0.7959,1.2564
134,1,2d_ground_plane,0.2,0.5,0.7,0.1257,1.5394,0.1,-1.968,-0.568,1.7069,3.1069,1.96,196,156,1.56,0.7959,1.2564
135,1,2d_ground_plane,0.2,0.5,0.7,0.1257,1.5394,0.1,-1.968,-0.568,1.7069,3.1069,1.96,196,156,1.56,0.7959,1.2564
136,1,2d_ground_plane,0.2,0.5,0.7,0.1257,1.5394,0.1,-1.968,-0.568,1.7069,3.1069,1.96,196,156,1.56,0.7959,1.2564
137,1,2d_ground_plane,0.2,0.5,0.7,0.1257,1.5394,0.1,-1.968,-0.568,1.7069,3.1069,1.96,196,156,1.56,0.7959,1.2564
138,1,2d_ground_plane,0.2,0.5,0.7,0.1257,1.5394,0.1,-1.968,-0.568,1.7069,3.1069,1.96,196,156,1.56,0.7959,1.2564
139,1,2d_ground_plane,0.2,0.5,0.7,0.1257,1.5394,0.1,-1.968,-0.568,1.7069,3.1069,1.96,196,156,1.56,0.7959,1.2564
140,1,2d_ground_plane,0.2,0.5,0.7,0.1257,1.5394,0.1,-1.968,-0.568,1.7069,3.1069,1.96,196,156,1.56,0.7959,1.2564
141,1,2d_ground_plane,0.2,0.5,0.7,0.1257,1.5394,0.1,-1.968,-0.568,1.7069,3.1069,1.96,196,156,1.56,0.7959,1.2564
142,1,2d_ground_plane,0.2,0.5,0.7,0.1257,1.5394,0.1,-1.968,-0.568,1.7069,3.1069,1.96,196,156,1.56,0.7959,1.2564
143,1,2d_ground_plane,0.2,0.5,0.7,0.1257,1.5394,0.1,-1.968,-0.568,1.7069,3.1069,1.96,196,156,1.56,0.7959,1.2564
144,1,2d_ground_plane,0.2,0.5,0.7,0.1257,1.5394,0.1,-1.968,-0.568,1.7069,3.1069,1.96,196,156,1.56,0.7959,1.2564
145,1,2d_ground_plane,0.2,0.5,0.7,0.1257,1.5394,0.1,-1.968,-0.568,1.7069,3.1069,1.96,196,156,1.56,0.7959,1.2564
146,1,2d_ground_plane,0.2,0.5,0.7,0.1257,1.5394,0.1,-1.968,-0.568,1.7069,3.1069,1.96,196,156,1.56,0.7959,1.2564
147,1,2d_ground_plane,0.2,0.5,0.7,0.1257,1.5394,0.1,-1.968,-0.568,1.7069,3.1069,1.96,196,156,1.56,0.7959,1.2564
148,1,2d_ground_plane,0.2,0.5,0.7,0.1257,1.5394,0.1,-1.968,-0.568,1.7069,3.1069,1.96,196,156,1.56,0.7959,1.2564
149,1,2d_ground_plane,0.2,0.5,0.7,0.1257,1.5394,0.1,-1.968,-0.568,1.7069,3.1069,1.96,196,156,1.56,0.7959,1.2564
150,1,2d_ground_plane,0.2,0.5,0.7,0.1257,1.5394,0.1,-1.968,-0.568,1.7069,3.1069,1.96,196,156,1.56,0.7959,1.2564
151,1,2d_ground_plane,0.2,0.5,0.7,0.1257,1.5394,0.1,-1.968,-0.568,1.7069,3.1069,1.96,196,156,1.56,0.7959,1.2564
152,1,2d_ground_plane,0.2,0.5,0.7,0.1257,1.5394,0.1,-1.968,-0.568,1.7069,3.1069,1.96,196,156,1.56,0.7959,1.2564
153,1,2d_ground_plane,0.2,0.5,0.7,0.1257,1.5394,0.1,-1.968,-0.568,1.7069,3.1069,1.96,196,156,1.56,0.7959,1.2564
154,1,2d_ground_plane,0.2,0.5,0.7,0.1257,1.5394,0.1,-1.8786,-0.4786,-1.6783,-0.2783,1.96,196,156,1.56,0.7959,1.2564
155,1,2d_ground_plane,0.2,0.5,0.7,0.1257,1.5394,0.1,-1.8786,-0.4786,-1.6783,-0.2783,1.96,196,156,1.56,0.7959,1.2564
156,1,2d_ground_plane,0.2,0.5,0.7,0.1257,1.5394,0.1,-1.8786,-0.4786,-1.6783,-0.2783,1.96,196,156,1.56,0.7959,1.2564
157,1,2d_ground_plane,0.2,0.5,0.7,0.1257,1.5394,0.1,-1.8786,-0.4786,-1.6783,-0.2783,1.96,196,156,1.56,0.7959,1.2564
158,1,2d_ground_plane,0.2,0.5,0.7,0.1257,1.5394,0.1,-1.8786,-0.4786,-1.6783,-0.2783,1.96,196,156,1.56,0.7959,1.2564
159,1,2d_ground_plane,0.2,0.5,0.7,0.1257,1.5394,0.1,-1.8786,-0.4786,-1.6783,-0.2783,1.96,196,156,1.56,0.7959,1.2564
160,1,2d_ground_plane,0.2,0.5,0.7,0.1257,1.5394,0.1,-1.8786,-0.4786,-1.6783,-0.2783,1.96,196,156,1.56,0.7959,1.2564
161,1,2d_ground_plane,0.2,0.5,0.7,0.1257,1.5394,0.1,-1.8786,-0.4786,-1.6783,-0.2783,1.96,196,156,1.56,0.7959,1.2564
162,1,2d_ground_plane,0.2,0.5,0.7,0.1257,1.5394,0.1,-1.8786,-0.4786,-1.6783,-0.2783,1.96,196,156,1.56,0.7959,1.2564
163,1,2d_ground_plane,0.2,0.5,0.7,0.1257,1.5394,0.1,-1.8786,-0.4786,-1.6783,-0.2783,1.96,196,156,1.56,0.7959,1.2564
164,1,2d_ground_plane,0.2,0.5,0.7,0.1257,1.5394,0.1,-1.8786,-0.4786,-1.6783,-0.2783,1.96,196,156,1.56,0.7959,1.2564
165,1,2d_ground_plane,0.2,0.5,0.7,0.1257,1.5394,0.1,-1.8786,-0.4786,-1.6783,-0.2783,1.96,196,156,1.56,0.7959,1.2564
166,1,2d_ground_plane,0.2,0.5,0.7,0.1257,1.5394,0.1,-1.8786,-0.4786,-1.6783,-0.2783,1.96,196,156,1.56,0.7959,1.2564
167,1,2d_ground_plane,0.2,0.5,0.7,0.1257,1.5394,0.1,-1.8786,-0.4786,-1.6783,-0.2783,1.96,196,156,1.56,0.7959,1.2564
168,1,2d_ground_plane,0.2,0.5,0.7,0.1257,1.5394,0.1,-1.8786,-0.4786,-1.6783,-0.2783,1.96,196,156,1.56,0.7959,1.2564
169,1,2d_ground_plane,0.2,0.5,0.7,0.1257,1.5394,0.1,-1.8786,-0.4786,-1.6783,-0.2783,1.96,196,156,1.56,0.7959,1.2564
170,1,2d_ground_plane,0.2,0.5,0.7,0.1257,1.5394,0.1,-1.8786,-0.4786,-1.6783,-0.2783,1.96,196,156,1.56,0.7959,1.2564
171,1,2d_ground_plane,0.2,0.5,0.7,0.1257,1.5394,0.1,-1.8786,-0.4786,-1.6783,-0.2783,1.96,196,156,1.56,0.7959,1.2564
172,1,2d_ground_plane,0.2,0.5,0.7,0.1257,1.5394,0.1,-1.8786,-0.4786,-1.6783,-0.2783,1.96,196,156,1.56,0.7959,1.2564
173,1,2d_ground_plane,0.2,0.5,0.7,0.1257,1.5394,0.1,-1.8786,-0.4786,-1.6783,-0.2783,1.96,196,156,1.56,0.7959,1.2564
174,1,2d_ground_plane,0.2,0.5,0.7,0.1257,1.5394,0.1,-1.8786,-0.4786,-1.6783,-0.2783,1.96,196,156,1.56,0.7959,1.2564
175,1,2d_ground_plane,0.2,0.5,0.7,0.1257,1.5394,0.1,-1.8786,-0.4786,-1.6783,-0.2783,1.96,196,156,1.56,0.7959,1.2564
176,1,2d_ground_plane,0.2,0.5,0.7,0.1257,1.5394,0.1,-1.8786,-0.4786,-1.6783,-0.2783,1.96,196,156,1.56,0.7959,1.2564
177,1,2d_ground_plane,0.2,0.5,0.7,0.1257,1.5394,0.1,-1.8786,-0.4786,-1.6783,-0.2783,1.96,196,156,1.56,0.7959,1.2564
178,1,2d_ground_plane,0.2,0.5,0.7,0.1257,1.5394,0.1,-1.8786,-0.4786,-1.6783,-0.2783,1.96,196,156,1.56,0.7959,1.2564
179,1,2d_ground_plane,0.2,0.5,0.7,0.1257,1.5394,0.1,-1.8786,-0.4786,-1.6783,-0.2783,1.96,196,156,1.56,0.7959,1.2564
180,1,2d_ground_plane,0.2,0.5,0.7,0.1257,1.5394,0.1,-1.8786,-0.4786,-1.6783,-0.2783,1.96,196,156,1.56,0.7959,1.2564
181,1,2d_ground_plane,0.2,0.5,0.7,0.1257,1.5394,0.1,-1.8786,-0.4786,-1.6783,-0.2783,1.96,196,156,1.56,0.7959,1.2564
182,1,2d_ground_plane,0.2,0.5,0.7,0.1257,1.5394,0.1,-1.8786,-0.4786,-1.6783,-0.2783,1.96,196,156,1.56,0.7959,1.2564
183,1,2d_ground_plane,0.2,0.5,0.7,0.1257,1.5394,0.1,-1.8786,-0.4786,-1.6783,-0.2783,1.96,196,156,1.56,0.7959,1.2564
406,1,2d_ground_plane,0.2,0.5,0.7,0.1257,1.5394,0.1,0.2838,1.6838,0.0248,1.4248,1.96,196,156,1.56,0.7959,1.2564
407,1,2d_ground_plane,0.2,0.5,0.7,0.1257,1.5394,0.1,0.2838,1.6838,0.0248,1.4248,1.96,196,156,1.56,0.7959,1.2564
408,1,2d_ground_plane,0.2,0.5,0.7,0.1257,1.5394,0.1,0.2838,1.6838,0.0248,1.4248,1.96,196,156,1.56,0.7959,1.2564
409,1,2d_ground_plane,0.2,0.5,0.7,0.1257,1.5394,0.1,0.2838,1.6838,0.0248,1.4248,1.96,196,156,1.56,0.7959,1.2564
410,1,2d_ground_plane,0.2,0.5,0.7,0.1257,1.5394,0.1,0.2838,1.6838,0.0248,1.4248,1.96,196,156,1.56,0.7959,1.2564
411,1,2d_ground_plane,0.2,0.5,0.7,0.1257,1.5394,0.1,0.2838,1.6838,0.0248,1.4248,1.96,196,156,1.56,0.7959,1.2564
412,1,2d_ground_plane,0.2,0.5,0.7,0.1257,1.5394,0.1,0.2838,1.6838,0.0248,1.4248,1.96,196,156,1.56,0.7959,1.2564
413,1,2d_ground_plane,0.2,0.5,0.7,0.1257,1.5394,0.1,0.2838,1.6838,0.0248,1.4248,1.96,196,156,1.56,0.7959,1.2564
414,1,2d_ground_plane,0.2,0.5,0.7,0.1257,1.5394,0.1,0.2838,1.6838,0.0248,1.4248,1.96,196,156,1.56,0.7959,1.2564
415,1,2d_ground_plane,0.2,0.5,0.7,0.1257,1.5394,0.1,0.2838,1.6838,0.0248,1.4248,1.96,196,156,1.56,0.7959,1.2564
416,1,2d_ground_plane,0.2,0.5,0.7,0.1257,1.5394,0.1,0.2838,1.6838,0.0248,1.4248,1.96,196,156,1.56,0.7959,1.2564
417,1,2d_ground_plane,0.2,0.5,0.7,0.1257,1.5394,0.1,0.2838,1.6838,0.0248,1.4248,1.96,196,156,1.56,0.7959,1.2564
418,1,2d_ground_plane,0.2,0.5,0.7,0.1257,1.5394,0.1,0.2838,1.6838,0.0248,1.4248,1.96,196,156,1.56,0.7959,1.2564
419,1,2d_ground_plane,0.2,0.5,0.7,0.1257,1.5394,0.1,0.2838,1.6838,0.0248,1.4248,1.96,196,156,1.56,0.7959,1.2564
420,1,2d_ground_plane,0.2,0.5,0.7,0.1257,1.5394,0.1,0.2838,1.6838,0.0248,1.4248,1.96,196,156,1.56,0.7959,1.2564
345,2,2d_ground_plane,0.2,0.5,0.7,0.2513,3.0788,0.1,-1.4297,1.8069,-1.4235,1.7813,10.3728,1089,308,3.08,0.2969,3.3678
184,2,2d_ground_plane,0.2,0.5,0.7,0.2513,3.0788,0.1,-1.6041,1.8916,-0.6904,0.8461,5.3712,560,308,3.08,0.5734,1.7439
185,2,2d_ground_plane,0.2,0.5,0.7,0.2513,3.0788,0.1,-1.6041,1.8916,-0.6904,0.8461,5.3712,560,308,3.08,0.5734,1.7439
186,2,2d_ground_plane,0.2,0.5,0.7,0.2513,3.0788,0.1,-1.6041,1.8916,-0.6904,0.8461,5.3712,560,308,3.08,0.5734,1.7439
187,2,2d_ground_plane,0.2,0.5,0.7,0.2513,3.0788,0.1,-1.6041,1.8916,-0.6904,0.8461,5.3712,560,308,3.08,0.5734,1.7439
188,2,2d_ground_plane,0.2,0.5,0.7,0.2513,3.0788,0.1,-1.6041,1.8916,-0.6904,0.8461,5.3712,560,308,3.08,0.5734,1.7439
189,2,2d_ground_plane,0.2,0.5,0.7,0.2513,3.0788,0.1,-1.6041,1.8916,-0.6904,0.8461,5.3712,560,308,3.08,0.5734,1.7439
190,2,2d_ground_plane,0.2,0.5,0.7,0.2513,3.0788,0.1,-1.6041,1.8916,-0.6904,0.8461,5.3712,560,308,3.08,0.5734,1.7439
191,2,2d_ground_plane,0.2,0.5,0.7,0.2513,3.0788,0.1,-1.6041,1.8916,-0.6904,0.8461,5.3712,560,308,3.08,0.5734,1.7439
192,2,2d_ground_plane,0.2,0.5,0.7,0.2513,3.0788,0.1,-1.6041,1.8916,-0.6904,0.8461,5.3712,560,308,3.08,0.5734,1.7439
193,2,2d_ground_plane,0.2,0.5,0.7,0.2513,3.0788,0.1,-1.6041,1.8916,-0.6904,0.8461,5.3712,560,308,3.08,0.5734,1.7439
194,2,2d_ground_plane,0.2,0.5,0.7,0.2513,3.0788,0.1,-1.6041,1.8916,-0.6904,0.8461,5.3712,560,308,3.08,0.5734,1.7439
195,2,2d_ground_plane,0.2,0.5,0.7,0.2513,3.0788,0.1,-1.6041,1.8916,-0.6904,0.8461,5.3712,560,308,3.08,0.5734,1.7439
196,2,2d_ground_plane,0.2,0.5,0.7,0.2513,3.0788,0.1,-1.6041,1.8916,-0.6904,0.8461,5.3712,560,308,3.08,0.5734,1.7439
197,2,2d_ground_plane,0.2,0.5,0.7,0.2513,3.0788,0.1,-1.6041,1.8916,-0.6904,0.8461,5.3712,560,308,3.08,0.5734,1.7439
198,2,2d_ground_plane,0.2,0.5,0.7,0.2513,3.0788,0.1,-1.6041,1.8916,-0.6904,0.8461,5.3712,560,308,3.08,0.5734,1.7439
199,2,2d_ground_plane,0.2,0.5,0.7,0.2513,3.0788,0.1,-1.6041,1.8916,-0.6904,0.8461,5.3712,560,308,3.08,0.5734,1.7439
201,2,2d_ground_plane,0.2,0.5,0.7,0.2513,3.0788,0.1,-1.6041,1.8916,-0.6904,0.8461,5.3712,560,308,3.08,0.5734,1.7439
202,2,2d_ground_plane,0.2,0.5,0.7,0.2513,3.0788,0.1,-1.6041,1.8916,-0.6904,0.8461,5.3712,560,308,3.08,0.5734,1.7439
203,2,2d_ground_plane,0.2,0.5,0.7,0.2513,3.0788,0.1,-1.6041,1.8916,-0.6904,0.8461,5.3712,560,308,3.08,0.5734,1.7439
204,2,2d_ground_plane,0.2,0.5,0.7,0.2513,3.0788,0.1,-1.6041,1.8916,-0.6904,0.8461,5.3712,560,308,3.08,0.5734,1.7439
205,2,2d_ground_plane,0.2,0.5,0.7,0.2513,3.0788,0.1,-1.6041,1.8916,-0.6904,0.8461,5.3712,560,308,3.08,0.5734,1.7439
206,2,2d_ground_plane,0.2,0.5,0.7,0.2513,3.0788,0.1,-1.6041,1.8916,-0.6904,0.8461,5.3712,560,308,3.08,0.5734,1.7439
207,2,2d_ground_plane,0.2,0.5,0.7,0.2513,3.0788,0.1,-1.6041,1.8916,-0.6904,0.8461,5.3712,560,308,3.08,0.5734,1.7439
208,2,2d_ground_plane,0.2,0.5,0.7,0.2513,3.0788,0.1,-1.6041,1.8916,-0.6904,0.8461,5.3712,560,308,3.08,0.5734,1.7439
209,2,2d_ground_plane,0.2,0.5,0.7,0.2513,3.0788,0.1,-1.6041,1.8916,-0.6904,0.8461,5.3712,560,308,3.08,0.5734,1.7439
210,2,2d_ground_plane,0.2,0.5,0.7,0.2513,3.0788,0.1,-1.6041,1.8916,-0.6904,0.8461,5.3712,560,308,3.08,0.5734,1.7439
211,2,2d_ground_plane,0.2,0.5,0.7,0.2513,3.0788,0.1,-1.6041,1.8916,-0.6904,0.8461,5.3712,560,308,3.08,0.5734,1.7439
212,2,2d_ground_plane,0.2,0.5,0.7,0.2513,3.0788,0.1,-1.6041,1.8916,-0.6904,0.8461,5.3712,560,308,3.08,0.5734,1.7439
213,2,2d_ground_plane,0.2,0.5,0.7,0.2513,3.0788,0.1,-1.6041,1.8916,-0.6904,0.8461,5.3712,560,308,3.08,0.5734,1.7439
214,2,2d_ground_plane,0.2,0.5,0.7,0.2513,3.0788,0.1,-1.6041,1.8916,-0.6904,0.8461,5.3712,560,308,3.08,0.5734,1.7439
215,2,2d_ground_plane,0.2,0.5,0.7,0.2513,3.0788,0.1,-1.6041,1.8916,-0.6904,0.8461,5.3712,560,308,3.08,0.5734,1.7439
216,2,2d_ground_plane,0.2,0.5,0.7,0.2513,3.0788,0.1,-1.6041,1.8916,-0.6904,0.8461,5.3712,560,308,3.08,0.5734,1.7439
217,2,2d_ground_plane,0.2,0.5,0.7,0.2513,3.0788,0.1,-1.6041,1.8916,-0.6904,0.8461,5.3712,560,308,3.08,0.5734,1.7439
218,2,2d_ground_plane,0.2,0.5,0.7,0.2513,3.0788,0.1,-1.6041,1.8916,-0.6904,0.8461,5.3712,560,308,3.08,0.5734,1.7439
219,2,2d_ground_plane,0.2,0.5,0.7,0.2513,3.0788,0.1,-1.6041,1.8916,-0.6904,0.8461,5.3712,560,308,3.08,0.5734,1.7439
220,2,2d_ground_plane,0.2,0.5,0.7,0.2513,3.0788,0.1,-1.6041,1.8916,-0.6904,0.8461,5.3712,560,308,3.08,0.5734,1.7439
221,2,2d_ground_plane,0.2,0.5,0.7,0.2513,3.0788,0.1,-1.6041,1.8916,-0.6904,0.8461,5.3712,560,308,3.08,0.5734,1.7439
222,2,2d_ground_plane,0.2,0.5,0.7,0.2513,3.0788,0.1,-1.6041,1.8916,-0.6904,0.8461,5.3712,560,308,3.08,0.5734,1.7439
223,2,2d_ground_plane,0.2,0.5,0.7,0.2513,3.0788,0.1,-1.6041,1.8916,-0.6904,0.8461,5.3712,560,308,3.08,0.5734,1.7439
224,2,2d_ground_plane,0.2,0.5,0.7,0.2513,3.0788,0.1,-1.6041,1.8916,-0.6904,0.8461,5.3712,560,308,3.08,0.5734,1.7439
225,2,2d_ground_plane,0.2,0.5,0.7,0.2513,3.0788,0.1,-1.6041,1.8916,-0.6904,0.8461,5.3712,560,308,3.08,0.5734,1.7439
226,2,2d_ground_plane,0.2,0.5,0.7,0.2513,3.0788,0.1,-1.6041,1.8916,-0.6904,0.8461,5.3712,560,308,3.08,0.5734,1.7439
227,2,2d_ground_plane,0.2,0.5,0.7,0.2513,3.0788,0.1,-1.6041,1.8916,-0.6904,0.8461,5.3712,560,308,3.08,0.5734,1.7439
228,2,2d_ground_plane,0.2,0.5,0.7,0.2513,3.0788,0.1,-1.6041,1.8916,-0.6904,0.8461,5.3712,560,308,3.08,0.5734,1.7439
229,2,2d_ground_plane,0.2,0.5,0.7,0.2513,3.0788,0.1,-1.6041,1.8916,-0.6904,0.8461,5.3712,560,308,3.08,0.5734,1.7439
230,2,2d_ground_plane,0.2,0.5,0.7,0.2513,3.0788,0.1,-1.6041,1.8916,-0.6904,0.8461,5.3712,560,308,3.08,0.5734,1.7439
231,2,2d_ground_plane,0.2,0.5,0.7,0.2513,3.0788,0.1,-1.6041,1.8916,-0.6904,0.8461,5.3712,560,308,3.08,0.5734,1.7439
232,2,2d_ground_plane,0.2,0.5,0.7,0.2513,3.0788,0.1,-1.6041,1.8916,-0.6904,0.8461,5.3712,560,308,3.08,0.5734,1.7439
233,2,2d_ground_plane,0.2,0.5,0.7,0.2513,3.0788,0.1,-1.6041,1.8916,-0.6904,0.8461,5.3712,560,308,3.08,0.5734,1.7439
234,2,2d_ground_plane,0.2,0.5,0.7,0.2513,3.0788,0.1,-1.6041,1.8916,-0.6904,0.8461,5.3712,560,308,3.08,0.5734,1.7439
235,2,2d_ground_plane,0.2,0.5,0.7,0.2513,3.0788,0.1,-1.6041,1.8916,-0.6904,0.8461,5.3712,560,308,3.08,0.5734,1.7439
236,2,2d_ground_plane,0.2,0.5,0.7,0.2513,3.0788,0.1,-1.6041,1.8916,-0.6904,0.8461,5.3712,560,308,3.08,0.5734,1.7439
237,2,2d_ground_plane,0.2,0.5,0.7,0.2513,3.0788,0.1,-1.6041,1.8916,-0.6904,0.8461,5.3712,560,308,3.08,0.5734,1.7439
238,2,2d_ground_plane,0.2,0.5,0.7,0.2513,3.0788,0.1,-1.6041,1.8916,-0.6904,0.8461,5.3712,560,308,3.08,0.5734,1.7439
239,2,2d_ground_plane,0.2,0.5,0.7,0.2513,3.0788,0.1,-1.6041,1.8916,-0.6904,0.8461,5.3712,560,308,3.08,0.5734,1.7439
240,2,2d_ground_plane,0.2,0.5,0.7,0.2513,3.0788,0.1,-1.6041,1.8916,-0.6904,0.8461,5.3712,560,308,3.08,0.5734,1.7439
241,2,2d_ground_plane,0.2,0.5,0.7,0.2513,3.0788,0.1,-1.6041,1.8916,-0.6904,0.8461,5.3712,560,308,3.08,0.5734,1.7439
242,2,2d_ground_plane,0.2,0.5,0.7,0.2513,3.0788,0.1,-1.6041,1.8916,-0.6904,0.8461,5.3712,560,308,3.08,0.5734,1.7439
243,2,2d_ground_plane,0.2,0.5,0.7,0.2513,3.0788,0.1,-1.6041,1.8916,-0.6904,0.8461,5.3712,560,308,3.08,0.5734,1.7439
244,2,2d_ground_plane,0.2,0.5,0.7,0.2513,3.0788,0.1,-1.6041,1.8916,-0.6904,0.8461,5.3712,560,308,3.08,0.5734,1.7439
245,2,2d_ground_plane,0.2,0.5,0.7,0.2513,3.0788,0.1,-1.6041,1.8916,-0.6904,0.8461,5.3712,560,308,3.08,0.5734,1.7439
246,2,2d_ground_plane,0.2,0.5,0.7,0.2513,3.0788,0.1,-1.6041,1.8916,-0.6904,0.8461,5.3712,560,308,3.08,0.5734,1.7439
247,2,2d_ground_plane,0.2,0.5,0.7,0.2513,3.0788,0.1,-1.6041,1.8916,-0.6904,0.8461,5.3712,560,308,3.08,0.5734,1.7439
248,2,2d_ground_plane,0.2,0.5,0.7,0.2513,3.0788,0.1,-1.6041,1.8916,-0.6904,0.8461,5.3712,560,308,3.08,0.5734,1.7439
249,2,2d_ground_plane,0.2,0.5,0.7,0.2513,3.0788,0.1,-1.6041,1.8916,-0.6904,0.8461,5.3712,560,308,3.08,0.5734,1.7439
250,2,2d_ground_plane,0.2,0.5,0.7,0.2513,3.0788,0.1,-1.6041,1.8916,-0.6904,0.8461,5.3712,560,308,3.08,0.5734,1.7439
251,2,2d_ground_plane,0.2,0.5,0.7,0.2513,3.0788,0.1,-1.6041,1.8916,-0.6904,0.8461,5.3712,560,308,3.08,0.5734,1.7439
252,2,2d_ground_plane,0.2,0.5,0.7,0.2513,3.0788,0.1,-1.6041,1.8916,-0.6904,0.8461,5.3712,560,308,3.08,0.5734,1.7439
253,2,2d_ground_plane,0.2,0.5,0.7,0.2513,3.0788,0.1,-1.6041,1.8916,-0.6904,0.8461,5.3712,560,308,3.08,0.5734,1.7439
254,2,2d_ground_plane,0.2,0.5,0.7,0.2513,3.0788,0.1,-1.6041,1.8916,-0.6904,0.8461,5.3712,560,308,3.08,0.5734,1.7439
255,2,2d_ground_plane,0.2,0.5,0.7,0.2513,3.0788,0.1,-1.6041,1.8916,-0.6904,0.8461,5.3712,560,308,3.08,0.5734,1.7439
256,2,2d_ground_plane,0.2,0.5,0.7,0.2513,3.0788,0.1,-1.6041,1.8916,-0.6904,0.8461,5.3712,560,308,3.08,0.5734,1.7439
257,2,2d_ground_plane,0.2,0.5,0.7,0.2513,3.0788,0.1,-1.6041,1.8916,-0.6904,0.8461,5.3712,560,308,3.08,0.5734,1.7439
258,2,2d_ground_plane,0.2,0.5,0.7,0.2513,3.0788,0.1,-1.6041,1.8916,-0.6904,0.8461,5.3712,560,308,3.08,0.5734,1.7439
259,2,2d_ground_plane,0.2,0.5,0.7,0.2513,3.0788,0.1,-1.6041,1.8916,-0.6904,0.8461,5.3712,560,308,3.08,0.5734,1.7439
260,2,2d_ground_plane,0.2,0.5,0.7,0.2513,3.0788,0.1,-1.6041,1.8916,-0.6904,0.8461,5.3712,560,308,3.08,0.5734,1.7439
261,2,2d_ground_plane,0.2,0.5,0.7,0.2513,3.0788,0.1,-1.6041,1.8916,-0.6904,0.8461,5.3712,560,308,3.08,0.5734,1.7439
262,2,2d_ground_plane,0.2,0.5,0.7,0.2513,3.0788,0.1,-1.6041,1.8916,-0.6904,0.8461,5.3712,560,308,3.08,0.5734,1.7439
263,2,2d_ground_plane,0.2,0.5,0.7,0.2513,3.0788,0.1,-1.6041,1.8916,-0.6904,0.8461,5.3712,560,308,3.08,0.5734,1.7439
264,2,2d_ground_plane,0.2,0.5,0.7,0.2513,3.0788,0.1,-1.6041,1.8916,-0.6904,0.8461,5.3712,560,308,3.08,0.5734,1.7439
265,2,2d_ground_plane,0.2,0.5,0.7,0.2513,3.0788,0.1,-1.6041,1.8916,-0.6904,0.8461,5.3712,560,308,3.08,0.5734,1.7439
266,2,2d_ground_plane,0.2,0.5,0.7,0.2513,3.0788,0.1,-1.6041,1.8916,-0.6904,0.8461,5.3712,560,308,3.08,0.5734,1.7439
267,2,2d_ground_plane,0.2,0.5,0.7,0.2513,3.0788,0.1,-1.6041,1.8916,-0.6904,0.8461,5.3712,560,308,3.08,0.5734,1.7439
268,2,2d_ground_plane,0.2,0.5,0.7,0.2513,3.0788,0.1,-1.6041,1.8916,-0.6904,0.8461,5.3712,560,308,3.08,0.5734,1.7439
269,2,2d_ground_plane,0.2,0.5,0.7,0.2513,3.0788,0.1,-1.6041,1.8916,-0.6904,0.8461,5.3712,560,308,3.08,0.5734,1.7439
270,2,2d_ground_plane,0.2,0.5,0.7,0.2513,3.0788,0.1,-1.6041,1.8916,-0.6904,0.8461,5.3712,560,308,3.08,0.5734,1.7439
271,2,2d_ground_plane,0.2,0.5,0.7,0.2513,3.0788,0.1,-1.6041,1.8916,-0.6904,0.8461,5.3712,560,308,3.08,0.5734,1.7439
272,2,2d_ground_plane,0.2,0.5,0.7,0.2513,3.0788,0.1,-1.6041,1.8916,-0.6904,0.8461,5.3712,560,308,3.08,0.5734,1.7439
273,2,2d_ground_plane,0.2,0.5,0.7,0.2513,3.0788,0.1,-1.6041,1.8916,-0.6904,0.8461,5.3712,560,308,3.08,0.5734,1.7439
274,2,2d_ground_plane,0.2,0.5,0.7,0.2513,3.0788,0.1,-1.6041,1.8916,-0.6904,0.8461,5.3712,560,308,3.08,0.5734,1.7439
275,2,2d_ground_plane,0.2,0.5,0.7,0.2513,3.0788,0.1,-1.6041,1.8916,-0.6904,0.8461,5.3712,560,308,3.08,0.5734,1.7439
276,2,2d_ground_plane,0.2,0.5,0.7,0.2513,3.0788,0.1,-1.6041,1.8916,-0.6904,0.8461,5.3712,560,308,3.08,0.5734,1.7439
277,2,2d_ground_plane,0.2,0.5,0.7,0.2513,3.0788,0.1,-1.6041,1.8916,-0.6904,0.8461,5.3712,560,308,3.08,0.5734,1.7439
278,2,2d_ground_plane,0.2,0.5,0.7,0.2513,3.0788,0.1,-1.6041,1.8916,-0.6904,0.8461,5.3712,560,308,3.08,0.5734,1.7439
279,2,2d_ground_plane,0.2,0.5,0.7,0.2513,3.0788,0.1,-1.6041,1.8916,-0.6904,0.8461,5.3712,560,308,3.08,0.5734,1.7439
280,2,2d_ground_plane,0.2,0.5,0.7,0.2513,3.0788,0.1,-1.6041,1.8916,-0.6904,0.8461,5.3712,560,308,3.08,0.5734,1.7439
281,2,2d_ground_plane,0.2,0.5,0.7,0.2513,3.0788,0.1,-1.6041,1.8916,-0.6904,0.8461,5.3712,560,308,3.08,0.5734,1.7439
282,2,2d_ground_plane,0.2,0.5,0.7,0.2513,3.0788,0.1,-1.6041,1.8916,-0.6904,0.8461,5.3712,560,308,3.08,0.5734,1.7439
283,2,2d_ground_plane,0.2,0.5,0.7,0.2513,3.0788,0.1,-1.6041,1.8916,-0.6904,0.8461,5.3712,560,308,3.08,0.5734,1.7439
284,2,2d_ground_plane,0.2,0.5,0.7,0.2513,3.0788,0.1,-1.6041,1.8916,-0.6904,0.8461,5.3712,560,308,3.08,0.5734,1.7439
285,2,2d_ground_plane,0.2,0.5,0.7,0.2513,3.0788,0.1,-1.6041,1.8916,-0.6904,0.8461,5.3712,560,308,3.08,0.5734,1.7439
286,2,2d_ground_plane,0.2,0.5,0.7,0.2513,3.0788,0.1,-1.6041,1.8916,-0.6904,0.8461,5.3712,560,308,3.08,0.5734,1.7439
287,2,2d_ground_plane,0.2,0.5,0.7,0.2513,3.0788,0.1,-1.6041,1.8916,-0.6904,0.8461,5.3712,560,308,3.08,0.5734,1.7439
288,2,2d_ground_plane,0.2,0.5,0.7,0.2513,3.0788,0.1,-1.6041,1.8916,-0.6904,0.8461,5.3712,560,308,3.08,0.5734,1.7439
289,2,2d_ground_plane,0.2,0.5,0.7,0.2513,3.0788,0.1,-1.6041,1.8916,-0.6904,0.8461,5.3712,560,308,3.08,0.5734,1.7439
290,2,2d_ground_plane,0.2,0.5,0.7,0.2513,3.0788,0.1,-1.6041,1.8916,-0.6904,0.8461,5.3712,560,308,3.08,0.5734,1.7439
291,2,2d_ground_plane,0.2,0.5,0.7,0.2513,3.0788,0.1,-1.6041,1.8916,-0.6904,0.8461,5.3712,560,308,3.08,0.5734,1.7439
292,2,2d_ground_plane,0.2,0.5,0.7,0.2513,3.0788,0.1,-1.6041,1.8916,-0.6904,0.8461,5.3712,560,308,3.08,0.5734,1.7439
293,2,2d_ground_plane,0.2,0.5,0.7,0.2513,3.0788,0.1,-1.6041,1.8916,-0.6904,0.8461,5.3712,560,308,3.08,0.5734,1.7439
294,2,2d_ground_plane,0.2,0.5,0.7,0.2513,3.0788,0.1,-1.6041,1.8916,-0.6904,0.8461,5.3712,560,308,3.08,0.5734,1.7439
295,2,2d_ground_plane,0.2,0.5,0.7,0.2513,3.0788,0.1,-1.6041,1.8916,-0.6904,0.8461,5.3712,560,308,3.08,0.5734,1.7439
296,2,2d_ground_plane,0.2,0.5,0.7,0.2513,3.0788,0.1,-1.6041,1.8916,-0.6904,0.8461,5.3712,560,308,3.08,0.5734,1.7439
297,2,2d_ground_plane,0.2,0.5,0.7,0.2513,3.0788,0.1,-1.6041,1.8916,-0.6904,0.8461,5.3712,560,308,3.08,0.5734,1.7439
298,2,2d_ground_plane,0.2,0.5,0.7,0.2513,3.0788,0.1,-1.6041,1.8916,-0.6904,0.8461,5.3712,560,308,3.08,0.5734,1.7439
299,2,2d_ground_plane,0.2,0.5,0.7,0.2513,3.0788,0.1,-1.6041,1.8916,-0.6904,0.8461,5.3712,560,308,3.08,0.5734,1.7439
300,2,2d_ground_plane,0.2,0.5,0.7,0.2513,3.0788,0.1,-1.6041,1.8916,-0.6904,0.8461,5.3712,560,308,3.08,0.5734,1.7439
301,2,2d_ground_plane,0.2,0.5,0.7,0.2513,3.0788,0.1,-1.6041,1.8916,-0.6904,0.8461,5.3712,560,308,3.08,0.5734,1.7439
302,2,2d_ground_plane,0.2,0.5,0.7,0.2513,3.0788,0.1,-1.6041,1.8916,-0.6904,0.8461,5.3712,560,308,3.08,0.5734,1.7439
303,2,2d_ground_plane,0.2,0.5,0.7,0.2513,3.0788,0.1,-1.6041,1.8916,-0.6904,0.8461,5.3712,560,308,3.08,0.5734,1.7439
304,2,2d_ground_plane,0.2,0.5,0.7,0.2513,3.0788,0.1,-1.6041,1.8916,-0.6904,0.8461,5.3712,560,308,3.08,0.5734,1.7439
305,2,2d_ground_plane,0.2,0.5,0.7,0.2513,3.0788,0.1,-1.6041,1.8916,-0.6904,0.8461,5.3712,560,308,3.08,0.5734,1.7439
306,2,2d_ground_plane,0.2,0.5,0.7,0.2513,3.0788,0.1,-1.6041,1.8916,-0.6904,0.8461,5.3712,560,308,3.08,0.5734,1.7439
307,2,2d_ground_plane,0.2,0.5,0.7,0.2513,3.0788,0.1,-1.6041,1.8916,-0.6904,0.8461,5.3712,560,308,3.08,0.5734,1.7439
308,2,2d_ground_plane,0.2,0.5,0.7,0.2513,3.0788,0.1,-1.6041,1.8916,-0.6904,0.8461,5.3712,560,308,3.08,0.5734,1.7439
309,2,2d_ground_plane,0.2,0.5,0.7,0.2513,3.0788,0.1,-1.6041,1.8916,-0.6904,0.8461,5.3712,560,308,3.08,0.5734,1.7439
310,2,2d_ground_plane,0.2,0.5,0.7,0.2513,3.0788,0.1,-1.6041,1.8916,-0.6904,0.8461,5.3712,560,308,3.08,0.5734,1.7439
311,2,2d_ground_plane,0.2,0.5,0.7,0.2513,3.0788,0.1,-1.6041,1.8916,-0.6904,0.8461,5.3712,560,308,3.08,0.5734,1.7439
312,2,2d_ground_plane,0.2,0.5,0.7,0.2513,3.0788,0.1,-1.6041,1.8916,-0.6904,0.8461,5.3712,560,308,3.08,0.5734,1.7439
313,2,2d_ground_plane,0.2,0.5,0.7,0.2513,3.0788,0.1,-1.6041,1.8916,-0.6904,0.8461,5.3712,560,308,3.08,0.5734,1.7439
314,2,2d_ground_plane,0.2,0.5,0.7,0.2513,3.0788,0.1,-1.6041,1.8916,-0.6904,0.8461,5.3712,560,308,3.08,0.5734,1.7439
315,2,2d_ground_plane,0.2,0.5,0.7,0.2513,3.0788,0.1,-1.6041,1.8916,-0.6904,0.8461,5.3712,560,308,3.08,0.5734,1.7439
316,2,2d_ground_plane,0.2,0.5,0.7,0.2513,3.0788,0.1,-1.6041,1.8916,-0.6904,0.8461,5.3712,560,308,3.08,0.5734,1.7439
317,2,2d_ground_plane,0.2,0.5,0.7,0.2513,3.0788,0.1,-1.6041,1.8916,-0.6904,0.8461,5.3712,560,308,3.08,0.5734,1.7439
318,2,2d_ground_plane,0.2,0.5,0.7,0.2513,3.0788,0.1,-1.6041,1.8916,-0.6904,0.8461,5.3712,560,308,3.08,0.5734,1.7439
319,2,2d_ground_plane,0.2,0.5,0.7,0.2513,3.0788,0.1,-1.6041,1.8916,-0.6904,0.8461,5.3712,560,308,3.08,0.5734,1.7439
320,2,2d_ground_plane,0.2,0.5,0.7,0.2513,3.0788,0.1,-1.6041,1.8916,-0.6904,0.8461,5.3712,560,308,3.08,0.5734,1.7439
321,2,2d_ground_plane,0.2,0.5,0.7,0.2513,3.0788,0.1,-1.4297,1.8069,-1.4235,1.7813,10.3728,1089,308,3.08,0.2969,3.3678
322,2,2d_ground_plane,0.2,0.5,0.7,0.2513,3.0788,0.1,-1.4297,1.8069,-1.4235,1.7813,10.3728,1089,308,3.08,0.2969,3.3678
323,2,2d_ground_plane,0.2,0.5,0.7,0.2513,3.0788,0.1,-1.4297,1.8069,-1.4235,1.7813,10.3728,1089,308,3.08,0.2969,3.3678
324,2,2d_ground_plane,0.2,0.5,0.7,0.2513,3.0788,0.1,-1.4297,1.8069,-1.4235,1.7813,10.3728,1089,308,3.08,0.2969,3.3678
325,2,2d_ground_plane,0.2,0.5,0.7,0.2513,3.0788,0.1,-1.4297,1.8069,-1.4235,1.7813,10.3728,1089,308,3.08,0.2969,3.3678
326,2,2d_ground_plane,0.2,0.5,0.7,0.2513,3.0788,0.1,-1.4297,1.8069,-1.4235,1.7813,10.3728,1089,308,3.08,0.2969,3.3678
327,2,2d_ground_plane,0.2,0.5,0.7,0.2513,3.0788,0.1,-1.4297,1.8069,-1.4235,1.7813,10.3728,1089,308,3.08,0.2969,3.3678
328,2,2d_ground_plane,0.2,0.5,0.7,0.2513,3.0788,0.1,-1.4297,1.8069,-1.4235,1.7813,10.3728,1089,308,3.08,0.2969,3.3678
329,2,2d_ground_plane,0.2,0.5,0.7,0.2513,3.0788,0.1,-1.4297,1.8069,-1.4235,1.7813,10.3728,1089,308,3.08,0.2969,3.3678
330,2,2d_ground_plane,0.2,0.5,0.7,0.2513,3.0788,0.1,-1.4297,1.8069,-1.4235,1.7813,10.3728,1089,308,3.08,0.2969,3.3678
331,2,2d_ground_plane,0.2,0.5,0.7,0.2513,3.0788,0.1,-1.4297,1.8069,-1.4235,1.7813,10.3728,1089,308,3.08,0.2969,3.3678
332,2,2d_ground_plane,0.2,0.5,0.7,0.2513,3.0788,0.1,-1.4297,1.8069,-1.4235,1.7813,10.3728,1089,308,3.08,0.2969,3.3678
333,2,2d_ground_plane,0.2,0.5,0.7,0.2513,3.0788,0.1,-1.4297,1.8069,-1.4235,1.7813,10.3728,1089,308,3.08,0.2969,3.3678
