sequence,obstacles,min_center_distance_m,min_boundary_clearance_m,closest_time_s,closest_index,closest_obstacle_index,collision,safety_violation,safety_distance_m,path_length_m,duration_s,mean_speed_mps,avoidance_label,computation_time_ms,method,planner_compute_time_ms,waypoint_count,smoothness_heading_change,safe_count,warning_count,danger_count,collision_count,future_risk_count,danger_or_collision_rate,future_risk_rate,budget_label
3,1,0.8307,0.6307,6.1375,491,0,0,0,0.5,6.8643,8.925,0.7691,left,0.0416,rrt,12.5796,3,2.5e-05,599,116,0,0,0,0.0,0.0,iter=300
3,1,0.7195,0.5195,6.075,486,0,0,0,0.5,6.8487,8.925,0.7674,left,0.034,rrt,1.2914,3,4.2e-05,570,145,0,0,0,0.0,0.0,iter=600
3,1,0.75,0.55,6.1,488,0,0,0,0.5,6.8864,8.925,0.7716,left,0.0321,rrt,1.2577,3,0.000246,578,137,0,0,0,0.0,0.0,iter=900
3,1,0.715,0.515,6.075,486,0,0,0,0.5,6.8434,8.925,0.7668,left,0.0319,rrt_star,26.3473,3,2.7e-05,569,146,0,0,0,0.0,0.0,iter=300
3,1,0.7195,0.5195,6.075,486,0,0,0,0.5,6.8435,8.925,0.7668,left,0.0371,rrt_star,86.133,3,1.1e-05,570,145,0,0,0,0.0,0.0,iter=600
3,1,0.7068,0.5068,6.0625,485,0,0,0,0.5,6.8416,8.925,0.7666,left,0.039,rrt_star,177.0697,3,1.7e-05,567,148,0,0,0,0.0,0.0,iter=900
3,1,0.9429,0.7429,6.15,492,0,0,0,0.5,6.8607,8.925,0.7687,left,0.0314,mppi,2.6383,50,2.1e-05,631,84,0,0,0,0.0,0.0,"rollouts=96,iter=3"
3,1,0.9429,0.7429,6.15,492,0,0,0,0.5,6.8607,8.925,0.7687,left,0.03,mppi,3.9396,50,2.1e-05,631,84,0,0,0,0.0,0.0,"rollouts=192,iter=5"
3,1,0.9429,0.7429,6.15,492,0,0,0,0.5,6.8607,8.925,0.7687,left,0.0348,mppi,10.5796,50,2.1e-05,631,84,0,0,0,0.0,0.0,"rollouts=384,iter=8"
10,1,0.9742,0.7742,10.3125,825,0,0,0,0.5,6.0936,14.425,0.4224,left,0.0447,rrt,1.9743,2,0.0,1070,85,0,0,0,0.0,0.0,iter=300
10,1,0.9742,0.7742,10.3125,825,0,0,0,0.5,6.0936,14.425,0.4224,left,0.0376,rrt,1.922,2,0.0,1070,85,0,0,0,0.0,0.0,iter=600
10,1,0.9742,0.7742,10.3125,825,0,0,0,0.5,6.0936,14.425,0.4224,left,0.037,rrt,1.8877,2,0.0,1070,85,0,0,0,0.0,0.0,iter=900
10,1,0.9742,0.7742,10.3125,825,0,0,0,0.5,6.0936,14.425,0.4224,left,0.0361,rrt_star,1.9297,2,0.0,1070,85,0,0,0,0.0,0.0,iter=300
10,1,0.9742,0.7742,10.3125,825,0,0,0,0.5,6.0936,14.425,0.4224,left,0.0358,rrt_star,1.909,2,0.0,1070,85,0,0,0,0.0,0.0,iter=600
10,1,0.9742,0.7742,10.3125,825,0,0,0,0.5,6.0936,14.425,0.4224,left,0.0477,rrt_star,1.8932,2,0.0,1070,85,0,0,0,0.0,0.0,iter=900
10,1,0.9742,0.7742,10.3125,825,0,0,0,0.5,6.0936,14.425,0.4224,left,0.0386,mppi,3.1523,50,0.0,1070,85,0,0,0,0.0,0.0,"rollouts=96,iter=3"
10,1,0.9742,0.7742,10.3125,825,0,0,0,0.5,6.0936,14.425,0.4224,left,0.0373,mppi,4.4838,50,0.0,1070,85,0,0,0,0.0,0.0,"rollouts=192,iter=5"
10,1,0.9742,0.7742,10.3125,825,0,0,0,0.5,6.0936,14.425,0.4224,left,0.0415,mppi,8.8849,50,0.0,1070,85,0,0,0,0.0,0.0,"rollouts=384,iter=8"
1,1,1.3874,1.1874,10.8625,869,0,0,0,0.5,6.5364,12.05,0.5424,right,0.0354,rrt,1.5867,2,0.0,965,0,0,0,0,0.0,0.0,iter=300
1,1,1.3874,1.1874,10.8625,869,0,0,0,0.5,6.5364,12.05,0.5424,right,0.0359,rrt,1.6346,2,0.0,965,0,0,0,0,0.0,0.0,iter=600
1,1,1.3874,1.1874,10.8625,869,0,0,0,0.5,6.5364,12.05,0.5424,right,0.0333,rrt,1.5858,2,0.0,965,0,0,0,0,0.0,0.0,iter=900
1,1,1.3874,1.1874,10.8625,869,0,0,0,0.5,6.5364,12.05,0.5424,right,0.0331,rrt_star,1.5846,2,0.0,965,0,0,0,0,0.0,0.0,iter=300
1,1,1.3874,1.1874,10.8625,869,0,0,0,0.5,6.5364,12.05,0.5424,right,0.0325,rrt_star,1.6042,2,0.0,965,0,0,0,0,0.0,0.0,iter=600
1,1,1.3874,1.1874,10.8625,869,0,0,0,0.5,6.5364,12.05,0.5424,right,0.032,rrt_star,1.5813,2,0.0,965,0,0,0,0,0.0,0.0,iter=900
1,1,1.3874,1.1874,10.8625,869,0,0,0,0.5,6.5364,12.05,0.5424,right,0.0341,mppi,2.9767,50,0.0,965,0,0,0,0,0.0,0.0,"rollouts=96,iter=3"
1,1,1.3874,1.1874,10.8625,869,0,0,0,0.5,6.5364,12.05,0.5424,right,0.0338,mppi,4.1872,50,0.0,965,0,0,0,0,0.0,0.0,"rollouts=192,iter=5"
1,1,1.3874,1.1874,10.8625,869,0,0,0,0.5,6.5364,12.05,0.5424,right,0.0344,mppi,8.5551,50,0.0,965,0,0,0,0,0.0,0.0,"rollouts=384,iter=8"
2,1,1.7346,1.5346,7.025,562,0,0,0,0.5,6.3481,9.825,0.6461,left,0.0332,rrt,1.3101,2,0.0,787,0,0,0,0,0.0,0.0,iter=300
2,1,1.7346,1.5346,7.025,562,0,0,0,0.5,6.3481,9.825,0.6461,left,0.0311,rrt,1.2935,2,0.0,787,0,0,0,0,0.0,0.0,iter=600
2,1,1.7346,1.5346,7.025,562,0,0,0,0.5,6.3481,9.825,0.6461,left,0.0296,rrt,1.3101,2,0.0,787,0,0,0,0,0.0,0.0,iter=900
2,1,1.7346,1.5346,7.025,562,0,0,0,0.5,6.3481,9.825,0.6461,left,0.0295,rrt_star,1.2923,2,0.0,787,0,0,0,0,0.0,0.0,iter=300
2,1,1.7346,1.5346,7.025,562,0,0,0,0.5,6.3481,9.825,0.6461,left,0.0479,rrt_star,1.4125,2,0.0,787,0,0,0,0,0.0,0.0,iter=600
2,1,1.7346,1.5346,7.025,562,0,0,0,0.5,6.3481,9.825,0.6461,left,0.0343,rrt_star,1.3075,2,0.0,787,0,0,0,0,0.0,0.0,iter=900
2,1,1.7346,1.5346,7.025,562,0,0,0,0.5,6.3481,9.825,0.6461,left,0.0315,mppi,2.4895,50,0.0,787,0,0,0,0,0.0,0.0,"rollouts=96,iter=3"
2,1,1.7346,1.5346,7.025,562,0,0,0,0.5,6.3481,9.825,0.6461,left,0.0315,mppi,3.8797,50,0.0,787,0,0,0,0,0.0,0.0,"rollouts=192,iter=5"
2,1,1.7346,1.5346,7.025,562,0,0,0,0.5,6.3481,9.825,0.6461,left,0.0353,mppi,8.6151,50,0.0,787,0,0,0,0,0.0,0.0,"rollouts=384,iter=8"
4,1,0.8274,0.6274,9.775,782,0,0,0,0.5,7.4127,14.8125,0.5004,left,0.0405,rrt,2.4224,3,8.1e-05,1007,179,0,0,0,0.0,0.0,iter=300
4,1,0.7263,0.5263,9.7125,777,0,0,0,0.5,7.4205,14.8125,0.501,left,0.0604,rrt,2.5845,3,0.0001,966,220,0,0,0,0.0,0.0,iter=600
4,1,0.7523,0.5523,9.75,780,0,0,0,0.5,7.4406,14.8125,0.5023,left,0.038,rrt,2.6938,3,0.000169,976,210,0,0,0,0.0,0.0,iter=900
4,1,0.7256,0.5256,9.7125,777,0,0,0,0.5,7.4089,14.8125,0.5002,left,0.0474,rrt_star,28.0041,6,0.000177,966,220,0,0,0,0.0,0.0,iter=300
4,1,0.7544,0.5544,9.675,774,0,0,0,0.5,7.3411,14.8125,0.4956,left,0.0665,rrt_star,103.5603,9,0.000101,974,212,0,0,0,0.0,0.0,iter=600
4,1,0.7173,0.5173,9.625,770,0,0,0,0.5,7.2945,14.8125,0.4925,left,0.051,rrt_star,145.5769,10,3e-05,950,236,0,0,0,0.0,0.0,iter=900
4,1,0.9307,0.7307,9.8,784,0,0,0,0.5,7.3417,14.8125,0.4956,left,0.0423,mppi,3.986,50,4.3e-05,1026,160,0,0,0,0.0,0.0,"rollouts=96,iter=3"
4,1,0.9307,0.7307,9.8,784,0,0,0,0.5,7.3417,14.8125,0.4956,left,0.0517,mppi,5.3711,50,4.3e-05,1026,160,0,0,0,0.0,0.0,"rollouts=192,iter=5"
4,1,0.9307,0.7307,9.8,784,0,0,0,0.5,7.3417,14.8125,0.4956,left,0.0462,mppi,9.8438,50,4.3e-05,1026,160,0,0,0,0.0,0.0,"rollouts=384,iter=8"
5,1,0.7402,0.5402,9.0625,725,0,0,0,0.5,6.7127,11.975,0.5606,right,0.0366,rrt,2.1233,3,0.003402,768,191,0,0,0,0.0,0.0,iter=300
5,1,0.78,0.58,8.65,692,0,0,0,0.5,5.8163,11.975,0.4857,right,0.0342,rrt,2.1354,3,6.4e-05,753,206,0,0,0,0.0,0.0,iter=600
5,1,0.7593,0.5593,8.9375,715,0,0,0,0.5,6.406,11.975,0.5349,right,0.034,rrt,1.9196,3,0.001451,764,195,0,0,0,0.0,0.0,iter=900
5,1,0.706,0.506,8.375,670,0,0,0,0.5,5.7915,11.975,0.4836,right,0.0451,rrt_star,23.6222,11,0.000141,710,249,0,0,0,0.0,0.0,iter=300
5,1,0.7526,0.5526,8.25,660,0,0,0,0.5,5.8004,11.975,0.4844,right,0.0491,rrt_star,86.4291,9,9.2e-05,696,263,0,0,0,0.0,0.0,iter=600
5,1,0.7143,0.5143,8.5875,687,0,0,0,0.5,5.803,11.975,0.4846,right,0.0428,rrt_star,165.2546,8,0.00011,728,231,0,0,0,0.0,0.0,iter=900
5,1,0.9229,0.7229,8.8125,705,0,0,0,0.5,5.8229,11.975,0.4863,right,0.0355,mppi,3.0958,50,6.5e-05,789,170,0,0,0,0.0,0.0,"rollouts=96,iter=3"
5,1,0.9229,0.7229,8.8125,705,0,0,0,0.5,5.8229,11.975,0.4863,right,0.038,mppi,4.7441,50,6.5e-05,789,170,0,0,0,0.0,0.0,"rollouts=192,iter=5"
5,1,0.9229,0.7229,8.8125,705,0,0,0,0.5,5.8229,11.975,0.4863,right,0.0357,mppi,8.7908,50,6.5e-05,789,170,0,0,0,0.0,0.0,"rollouts=384,iter=8"
6,1,1.0435,0.8435,8.9125,713,0,0,0,0.5,5.5122,11.6,0.4752,right,0.0355,rrt,1.538,2,0.0,929,0,0,0,0,0.0,0.0,iter=300
6,1,1.0435,0.8435,8.9125,713,0,0,0,0.5,5.5122,11.6,0.4752,right,0.0328,rrt,1.5296,2,0.0,929,0,0,0,0,0.0,0.0,iter=600
6,1,1.0435,0.8435,8.9125,713,0,0,0,0.5,5.5122,11.6,0.4752,right,0.0319,rrt,1.5029,2,0.0,929,0,0,0,0,0.0,0.0,iter=900
6,1,1.0435,0.8435,8.9125,713,0,0,0,0.5,5.5122,11.6,0.4752,right,0.0326,rrt_star,1.5362,2,0.0,929,0,0,0,0,0.0,0.0,iter=300
6,1,1.0435,0.8435,8.9125,713,0,0,0,0.5,5.5122,11.6,0.4752,right,0.0317,rrt_star,1.516,2,0.0,929,0,0,0,0,0.0,0.0,iter=600
6,1,1.0435,0.8435,8.9125,713,0,0,0,0.5,5.5122,11.6,0.4752,right,0.0389,rrt_star,1.5451,2,0.0,929,0,0,0,0,0.0,0.0,iter=900
6,1,1.0435,0.8435,8.9125,713,0,0,0,0.5,5.5122,11.6,0.4752,right,0.0344,mppi,2.7294,50,0.0,929,0,0,0,0,0.0,0.0,"rollouts=96,iter=3"
6,1,1.0435,0.8435,8.9125,713,0,0,0,0.5,5.5122,11.6,0.4752,right,0.0334,mppi,4.1607,50,0.0,929,0,0,0,0,0.0,0.0,"rollouts=192,iter=5"
6,1,1.0435,0.8435,8.9125,713,0,0,0,0.5,5.5122,11.6,0.4752,right,0.0332,mppi,8.7018,50,0.0,929,0,0,0,0,0.0,0.0,"rollouts=384,iter=8"
7,1,1.4026,1.2026,6.35,508,0,0,0,0.5,5.1276,7.6,0.6747,right,0.028,rrt,1.01,2,0.0,609,0,0,0,0,0.0,0.0,iter=300
7,1,1.4026,1.2026,6.35,508,0,0,0,0.5,5.1276,7.6,0.6747,right,0.027,rrt,1.0164,2,0.0,609,0,0,0,0,0.0,0.0,iter=600
7,1,1.4026,1.2026,6.35,508,0,0,0,0.5,5.1276,7.6,0.6747,right,0.0261,rrt,1.0076,2,0.0,609,0,0,0,0,0.0,0.0,iter=900
7,1,1.4026,1.2026,6.35,508,0,0,0,0.5,5.1276,7.6,0.6747,right,0.0259,rrt_star,1.0098,2,0.0,609,0,0,0,0,0.0,0.0,iter=300
7,1,1.4026,1.2026,6.35,508,0,0,0,0.5,5.1276,7.6,0.6747,right,0.033,rrt_star,1.0464,2,0.0,609,0,0,0,0,0.0,0.0,iter=600
7,1,1.4026,1.2026,6.35,508,0,0,0,0.5,5.1276,7.6,0.6747,right,0.0283,rrt_star,1.0171,2,0.0,609,0,0,0,0,0.0,0.0,iter=900
7,1,1.4026,1.2026,6.35,508,0,0,0,0.5,5.1276,7.6,0.6747,right,0.0276,mppi,2.2185,50,0.0,609,0,0,0,0,0.0,0.0,"rollouts=96,iter=3"
7,1,1.4026,1.2026,6.35,508,0,0,0,0.5,5.1276,7.6,0.6747,right,0.0272,mppi,3.7227,50,0.0,609,0,0,0,0,0.0,0.0,"rollouts=192,iter=5"
7,1,1.4026,1.2026,6.35,508,0,0,0,0.5,5.1276,7.6,0.6747,right,0.0275,mppi,8.0836,50,0.0,609,0,0,0,0,0.0,0.0,"rollouts=384,iter=8"
8,1,1.5365,1.3365,8.975,718,0,0,0,0.5,5.9626,10.7375,0.5553,left,0.0325,rrt,1.4168,2,0.0,860,0,0,0,0,0.0,0.0,iter=300
8,1,1.5365,1.3365,8.975,718,0,0,0,0.5,5.9626,10.7375,0.5553,left,0.0337,rrt,1.414,2,0.0,860,0,0,0,0,0.0,0.0,iter=600
8,1,1.5365,1.3365,8.975,718,0,0,0,0.5,5.9626,10.7375,0.5553,left,0.0303,rrt,1.3998,2,0.0,860,0,0,0,0,0.0,0.0,iter=900
8,1,1.5365,1.3365,8.975,718,0,0,0,0.5,5.9626,10.7375,0.5553,left,0.032,rrt_star,1.4809,2,0.0,860,0,0,0,0,0.0,0.0,iter=300
8,1,1.5365,1.3365,8.975,718,0,0,0,0.5,5.9626,10.7375,0.5553,left,0.0296,rrt_star,1.4038,2,0.0,860,0,0,0,0,0.0,0.0,iter=600
8,1,1.5365,1.3365,8.975,718,0,0,0,0.5,5.9626,10.7375,0.5553,left,0.0297,rrt_star,1.4072,2,0.0,860,0,0,0,0,0.0,0.0,iter=900
8,1,1.5365,1.3365,8.975,718,0,0,0,0.5,5.9626,10.7375,0.5553,left,0.0306,mppi,2.5611,50,0.0,860,0,0,0,0,0.0,0.0,"rollouts=96,iter=3"
8,1,1.5365,1.3365,8.975,718,0,0,0,0.5,5.9626,10.7375,0.5553,left,0.0305,mppi,3.98,50,0.0,860,0,0,0,0,0.0,0.0,"rollouts=192,iter=5"
8,1,1.5365,1.3365,8.975,718,0,0,0,0.5,5.9626,10.7375,0.5553,left,0.034,mppi,8.2282,50,0.0,860,0,0,0,0,0.0,0.0,"rollouts=384,iter=8"
9,1,0.8458,0.6458,7.4,592,0,0,0,0.5,5.9339,9.8375,0.6032,left,0.0318,rrt,2.0033,3,0.000109,603,185,0,0,0,0.0,0.0,iter=300
9,1,0.7685,0.5685,7.8625,629,0,0,0,0.5,5.9073,9.8375,0.6005,left,0.0365,rrt,2.0628,3,8.4e-05,591,197,0,0,0,0.0,0.0,iter=600
9,1,0.7132,0.5132,7.825,626,0,0,0,0.5,5.9719,9.8375,0.6071,left,0.0308,rrt,1.8911,3,0.000179,603,185,0,0,0,0.0,0.0,iter=900
9,1,0.7174,0.5174,7.7375,619,0,0,0,0.5,5.9372,9.8375,0.6035,left,0.0326,rrt_star,24.2044,10,0.00022,577,211,0,0,0,0.0,0.0,iter=300
9,1,0.7344,0.5344,7.8375,627,0,0,0,0.5,5.9272,9.8375,0.6025,left,0.0347,rrt_star,88.4169,10,0.000337,593,195,0,0,0,0.0,0.0,iter=600
9,1,0.7188,0.5188,7.7125,617,0,0,0,0.5,5.9029,9.8375,0.6,left,0.0563,rrt_star,177.9957,11,0.000135,582,206,0,0,0,0.0,0.0,iter=900
9,1,0.8924,0.6924,8.025,642,0,0,0,0.5,5.9609,9.8375,0.6059,left,0.0381,mppi,2.8986,50,7.9e-05,629,159,0,0,0,0.0,0.0,"rollouts=96,iter=3"
9,1,0.8924,0.6924,8.025,642,0,0,0,0.5,5.9609,9.8375,0.6059,left,0.0418,mppi,4.8823,50,7.9e-05,629,159,0,0,0,0.0,0.0,"rollouts=192,iter=5"
9,1,0.8924,0.6924,8.025,642,0,0,0,0.5,5.9609,9.8375,0.6059,left,0.0328,mppi,9.2556,50,7.9e-05,629,159,0,0,0,0.0,0.0,"rollouts=384,iter=8"
11,1,1.3624,1.1624,10.4125,833,0,0,0,0.5,6.5,14.725,0.4414,right,0.0496,rrt,1.95,2,0.0,1179,0,0,0,0,0.0,0.0,iter=300
11,1,1.3624,1.1624,10.4125,833,0,0,0,0.5,6.5,14.725,0.4414,right,0.0391,rrt,1.9441,2,0.0,1179,0,0,0,0,0.0,0.0,iter=600
11,1,1.3624,1.1624,10.4125,833,0,0,0,0.5,6.5,14.725,0.4414,right,0.0488,rrt,2.035,2,0.0,1179,0,0,0,0,0.0,0.0,iter=900
11,1,1.3624,1.1624,10.4125,833,0,0,0,0.5,6.5,14.725,0.4414,right,0.0401,rrt_star,1.9595,2,0.0,1179,0,0,0,0,0.0,0.0,iter=300
11,1,1.3624,1.1624,10.4125,833,0,0,0,0.5,6.5,14.725,0.4414,right,0.0372,rrt_star,1.9356,2,0.0,1179,0,0,0,0,0.0,0.0,iter=600
11,1,1.3624,1.1624,10.4125,833,0,0,0,0.5,6.5,14.725,0.4414,right,0.0367,rrt_star,1.9309,2,0.0,1179,0,0,0,0,0.0,0.0,iter=900
11,1,1.3624,1.1624,10.4125,833,0,0,0,0.5,6.5,14.725,0.4414,right,0.0447,mppi,3.2348,50,0.0,1179,0,0,0,0,0.0,0.0,"rollouts=96,iter=3"
11,1,1.3624,1.1624,10.4125,833,0,0,0,0.5,6.5,14.725,0.4414,right,0.0379,mppi,4.6442,50,0.0,1179,0,0,0,0,0.0,0.0,"rollouts=192,iter=5"
11,1,1.3624,1.1624,10.4125,833,0,0,0,0.5,6.5,14.725,0.4414,right,0.0379,mppi,8.9801,50,0.0,1179,0,0,0,0,0.0,0.0,"rollouts=384,iter=8"
12,1,0.7049,0.5049,6.7625,541,0,0,0,0.5,5.707,8.4375,0.6764,right,0.0354,rrt,1.3965,3,1.2e-05,508,168,0,0,0,0.0,0.0,iter=300
12,1,0.7516,0.5516,6.825,546,0,0,0,0.5,5.7651,8.4375,0.6833,right,0.0293,rrt,1.4214,3,0.000116,522,154,0,0,0,0.0,0.0,iter=600
12,1,0.7421,0.5421,6.9,552,0,0,0,0.5,6.0677,8.4375,0.7191,right,0.0281,rrt,1.492,3,0.003689,527,149,0,0,0,0.0,0.0,iter=900
12,1,0.7368,0.5368,6.8,544,0,0,0,0.5,5.7256,8.4375,0.6786,right,0.0311,rrt_star,27.9225,6,8.6e-05,516,160,0,0,0,0.0,0.0,iter=300
12,1,0.7021,0.5021,6.7625,541,0,0,0,0.5,5.7068,8.4375,0.6764,right,0.032,rrt_star,84.9442,7,2.1e-05,508,168,0,0,0,0.0,0.0,iter=600
12,1,0.7052,0.5052,6.7625,541,0,0,0,0.5,5.7058,8.4375,0.6762,right,0.0581,rrt_star,262.1622,8,2.6e-05,508,168,0,0,0,0.0,0.0,iter=900
12,1,0.9235,0.7235,7.025,562,0,0,0,0.5,5.7427,8.4375,0.6806,right,0.0404,mppi,2.8598,50,7.2e-05,561,115,0,0,0,0.0,0.0,"rollouts=96,iter=3"
12,1,0.9235,0.7235,7.025,562,0,0,0,0.5,5.7427,8.4375,0.6806,right,0.0822,mppi,5.3067,50,7.2e-05,561,115,0,0,0,0.0,0.0,"rollouts=192,iter=5"
12,1,0.9235,0.7235,7.025,562,0,0,0,0.5,5.7427,8.4375,0.6806,right,0.0388,mppi,9.1631,50,7.2e-05,561,115,0,0,0,0.0,0.0,"rollouts=384,iter=8"
13,1,1.6675,1.4675,8.125,650,0,0,0,0.5,5.9923,10.7125,0.5594,right,0.0407,rrt,1.4681,2,0.0,858,0,0,0,0,0.0,0.0,iter=300
13,1,1.6675,1.4675,8.125,650,0,0,0,0.5,5.9923,10.7125,0.5594,right,0.0329,rrt,1.429,2,0.0,858,0,0,0,0,0.0,0.0,iter=600
13,1,1.6675,1.4675,8.125,650,0,0,0,0.5,5.9923,10.7125,0.5594,right,0.0318,rrt,1.4485,2,0.0,858,0,0,0,0,0.0,0.0,iter=900
13,1,1.6675,1.4675,8.125,650,0,0,0,0.5,5.9923,10.7125,0.5594,right,0.0309,rrt_star,1.479,2,0.0,858,0,0,0,0,0.0,0.0,iter=300
13,1,1.6675,1.4675,8.125,650,0,0,0,0.5,5.9923,10.7125,0.5594,right,0.0412,rrt_star,1.4758,2,0.0,858,0,0,0,0,0.0,0.0,iter=600
13,1,1.6675,1.4675,8.125,650,0,0,0,0.5,5.9923,10.7125,0.5594,right,0.0417,rrt_star,1.5753,2,0.0,858,0,0,0,0,0.0,0.0,iter=900
13,1,1.6675,1.4675,8.125,650,0,0,0,0.5,5.9923,10.7125,0.5594,right,0.0333,mppi,2.8893,50,0.0,858,0,0,0,0,0.0,0.0,"rollouts=96,iter=3"
13,1,1.6675,1.4675,8.125,650,0,0,0,0.5,5.9923,10.7125,0.5594,right,0.0333,mppi,4.2468,50,0.0,858,0,0,0,0,0.0,0.0,"rollouts=192,iter=5"
13,1,1.6675,1.4675,8.125,650,0,0,0,0.5,5.9923,10.7125,0.5594,right,0.0333,mppi,8.8498,50,0.0,858,0,0,0,0,0.0,0.0,"rollouts=384,iter=8"
14,1,1.1945,0.9945,5.8375,467,0,0,0,0.5,3.9545,9.825,0.4025,left,0.038,rrt,1.3199,2,0.0,787,0,0,0,0,0.0,0.0,iter=300
14,1,1.1945,0.9945,5.8375,467,0,0,0,0.5,3.9545,9.825,0.4025,left,0.0322,rrt,1.3608,2,0.0,787,0,0,0,0,0.0,0.0,iter=600
14,1,1.1945,0.9945,5.8375,467,0,0,0,0.5,3.9545,9.825,0.4025,left,0.0301,rrt,1.3045,2,0.0,787,0,0,0,0,0.0,0.0,iter=900
14,1,1.1945,0.9945,5.8375,467,0,0,0,0.5,3.9545,9.825,0.4025,left,0.0439,rrt_star,1.3731,2,0.0,787,0,0,0,0,0.0,0.0,iter=300
14,1,1.1945,0.9945,5.8375,467,0,0,0,0.5,3.9545,9.825,0.4025,left,0.033,rrt_star,1.3329,2,0.0,787,0,0,0,0,0.0,0.0,iter=600
14,1,1.1945,0.9945,5.8375,467,0,0,0,0.5,3.9545,9.825,0.4025,left,0.031,rrt_star,1.3347,2,0.0,787,0,0,0,0,0.0,0.0,iter=900
14,1,1.1945,0.9945,5.8375,467,0,0,0,0.5,3.9545,9.825,0.4025,left,0.0308,mppi,2.5273,50,0.0,787,0,0,0,0,0.0,0.0,"rollouts=96,iter=3"
14,1,1.1945,0.9945,5.8375,467,0,0,0,0.5,3.9545,9.825,0.4025,left,0.0308,mppi,3.9782,50,0.0,787,0,0,0,0,0.0,0.0,"rollouts=192,iter=5"
14,1,1.1945,0.9945,5.8375,467,0,0,0,0.5,3.9545,9.825,0.4025,left,0.0315,mppi,8.479,50,0.0,787,0,0,0,0,0.0,0.0,"rollouts=384,iter=8"
15,1,1.5549,1.3549,5.6,448,0,0,0,0.5,0.7197,5.6,0.1285,straight/near-center,0.0292,rrt,0.7994,2,0.0,449,0,0,0,0,0.0,0.0,iter=300
15,1,1.5549,1.3549,5.6,448,0,0,0,0.5,0.7197,5.6,0.1285,straight/near-center,0.029,rrt,0.8203,2,0.0,449,0,0,0,0,0.0,0.0,iter=600
15,1,1.5549,1.3549,5.6,448,0,0,0,0.5,0.7197,5.6,0.1285,straight/near-center,0.0237,rrt,0.7593,2,0.0,449,0,0,0,0,0.0,0.0,iter=900
15,1,1.5549,1.3549,5.6,448,0,0,0,0.5,0.7197,5.6,0.1285,straight/near-center,0.0228,rrt_star,0.7739,2,0.0,449,0,0,0,0,0.0,0.0,iter=300
15,1,1.5549,1.3549,5.6,448,0,0,0,0.5,0.7197,5.6,0.1285,straight/near-center,0.0257,rrt_star,0.761,2,0.0,449,0,0,0,0,0.0,0.0,iter=600
15,1,1.5549,1.3549,5.6,448,0,0,0,0.5,0.7197,5.6,0.1285,straight/near-center,0.0235,rrt_star,0.751,2,0.0,449,0,0,0,0,0.0,0.0,iter=900
15,1,1.5549,1.3549,5.6,448,0,0,0,0.5,0.7197,5.6,0.1285,straight/near-center,0.0237,mppi,1.8855,50,0.0,449,0,0,0,0,0.0,0.0,"rollouts=96,iter=3"
15,1,1.5549,1.3549,5.6,448,0,0,0,0.5,0.7197,5.6,0.1285,straight/near-center,0.0238,mppi,3.3726,50,0.0,449,0,0,0,0,0.0,0.0,"rollouts=192,iter=5"
15,1,1.5549,1.3549,5.6,448,0,0,0,0.5,0.7197,5.6,0.1285,straight/near-center,0.0244,mppi,7.7401,50,0.0,449,0,0,0,0,0.0,0.0,"rollouts=384,iter=8"
16,1,0.7735,0.5735,5.775,462,0,0,0,0.5,5.9127,11.0875,0.5333,left,0.0337,rrt,1.8858,3,0.001035,698,190,0,0,0,0.0,0.0,iter=300
16,1,0.728,0.528,5.2,416,0,0,0,0.5,5.3575,11.0875,0.4832,left,0.0325,rrt,2.1977,3,0.000174,611,277,0,0,0,0.0,0.0,iter=600
16,1,0.7835,0.5835,5.5125,441,0,0,0,0.5,5.6375,11.0875,0.5085,right,0.0316,rrt,2.0097,3,0.000631,595,293,0,0,0,0.0,0.0,iter=900
16,1,1.0538,0.8538,5.75,460,0,0,0,0.5,5.6939,11.0875,0.5135,left,0.0351,rrt_star,24.1053,5,0.000448,888,0,0,0,0,0.0,0.0,iter=300
16,1,0.7378,0.5378,5.2375,419,0,0,0,0.5,5.3945,11.0875,0.4865,left,0.0354,rrt_star,80.5104,6,0.000337,618,270,0,0,0,0.0,0.0,iter=600
16,1,0.7275,0.5275,4.7875,383,0,0,0,0.5,5.3613,11.0875,0.4835,left,0.0365,rrt_star,171.1817,6,9.3e-05,623,265,0,0,0,0.0,0.0,iter=900
16,1,0.9018,0.7018,4.325,346,0,0,0,0.5,5.4506,11.0875,0.4916,left,0.033,mppi,2.8983,50,0.000224,667,221,0,0,0,0.0,0.0,"rollouts=96,iter=3"
16,1,0.9018,0.7018,4.325,346,0,0,0,0.5,5.4506,11.0875,0.4916,left,0.034,mppi,4.4373,50,0.000224,667,221,0,0,0,0.0,0.0,"rollouts=192,iter=5"
16,1,0.9018,0.7018,4.325,346,0,0,0,0.5,5.4506,11.0875,0.4916,left,0.0328,mppi,8.6509,50,0.000224,667,221,0,0,0,0.0,0.0,"rollouts=384,iter=8"
17,1,0.775,0.575,6.1,488,0,0,0,0.5,5.1324,9.4,0.546,right,0.0344,rrt,1.6801,3,0.004569,568,185,0,0,0,0.0,0.0,iter=300
17,1,0.7786,0.5786,5.475,438,0,0,0,0.5,4.3147,9.4,0.459,right,0.0313,rrt,1.9011,3,0.000228,534,219,0,0,0,0.0,0.0,iter=600
17,1,0.8095,0.6095,5.575,446,0,0,0,0.5,4.401,9.4,0.4682,right,0.0296,rrt,1.4209,3,0.000486,552,201,0,0,0,0.0,0.0,iter=900
17,1,0.7984,0.5984,5.525,442,0,0,0,0.5,4.3563,9.4,0.4634,right,0.034,rrt_star,28.4977,4,0.000169,545,208,0,0,0,0.0,0.0,iter=300
17,1,0.7315,0.5315,5.3625,429,0,0,0,0.5,4.2583,9.4,0.453,right,0.0372,rrt_star,94.6383,7,8.2e-05,483,270,0,0,0,0.0,0.0,iter=600
17,1,0.7025,0.5025,5.2,416,0,0,0,0.5,4.2679,9.4,0.454,right,0.0383,rrt_star,198.3213,8,0.000183,469,284,0,0,0,0.0,0.0,iter=900
17,1,0.9234,0.7234,5.6375,451,0,0,0,0.5,4.3267,9.4,0.4603,right,0.0308,mppi,2.7344,50,0.000111,553,200,0,0,0,0.0,0.0,"rollouts=96,iter=3"
17,1,0.9234,0.7234,5.6375,451,0,0,0,0.5,4.3267,9.4,0.4603,right,0.0303,mppi,4.2218,50,0.000111,553,200,0,0,0,0.0,0.0,"rollouts=192,iter=5"
17,1,0.9234,0.7234,5.6375,451,0,0,0,0.5,4.3267,9.4,0.4603,right,0.0303,mppi,8.4728,50,0.000111,553,200,0,0,0,0.0,0.0,"rollouts=384,iter=8"
18,1,0.7189,0.5189,4.6,368,0,0,0,0.5,4.6322,9.0875,0.5097,right,0.0345,rrt,1.2041,2,0.0,510,218,0,0,0,0.0,0.0,iter=300
18,1,0.7189,0.5189,4.6,368,0,0,0,0.5,4.6322,9.0875,0.5097,right,0.0299,rrt,1.2018,2,0.0,510,218,0,0,0,0.0,0.0,iter=600
18,1,0.7189,0.5189,4.6,368,0,0,0,0.5,4.6322,9.0875,0.5097,right,0.0292,rrt,1.2025,2,0.0,510,218,0,0,0,0.0,0.0,iter=900
18,1,0.7189,0.5189,4.6,368,0,0,0,0.5,4.6322,9.0875,0.5097,right,0.0396,rrt_star,1.296,2,0.0,510,218,0,0,0,0.0,0.0,iter=300
18,1,0.7189,0.5189,4.6,368,0,0,0,0.5,4.6322,9.0875,0.5097,right,0.0311,rrt_star,1.2127,2,0.0,510,218,0,0,0,0.0,0.0,iter=600
18,1,0.7189,0.5189,4.6,368,0,0,0,0.5,4.6322,9.0875,0.5097,right,0.0327,rrt_star,1.3237,2,0.0,510,218,0,0,0,0.0,0.0,iter=900
18,1,0.7189,0.5189,4.6,368,0,0,0,0.5,4.6322,9.0875,0.5097,right,0.0291,mppi,2.4115,50,0.0,510,218,0,0,0,0.0,0.0,"rollouts=96,iter=3"
18,1,0.7189,0.5189,4.6,368,0,0,0,0.5,4.6322,9.0875,0.5097,right,0.0294,mppi,3.923,50,0.0,510,218,0,0,0,0.0,0.0,"rollouts=192,iter=5"
18,1,0.7189,0.5189,4.6,368,0,0,0,0.5,4.6322,9.0875,0.5097,right,0.0311,mppi,8.4202,50,0.0,510,218,0,0,0,0.0,0.0,"rollouts=384,iter=8"
19,1,1.3406,1.1406,4.55,364,0,0,0,0.5,4.9214,10.15,0.4849,right,0.0343,rrt,1.3382,2,0.0,813,0,0,0,0,0.0,0.0,iter=300
19,1,1.3406,1.1406,4.55,364,0,0,0,0.5,4.9214,10.15,0.4849,right,0.0309,rrt,1.3433,2,0.0,813,0,0,0,0,0.0,0.0,iter=600
19,1,1.3406,1.1406,4.55,364,0,0,0,0.5,4.9214,10.15,0.4849,right,0.034,rrt,1.4393,2,0.0,813,0,0,0,0,0.0,0.0,iter=900
19,1,1.3406,1.1406,4.55,364,0,0,0,0.5,4.9214,10.15,0.4849,right,0.0308,rrt_star,1.3344,2,0.0,813,0,0,0,0,0.0,0.0,iter=300
19,1,1.3406,1.1406,4.55,364,0,0,0,0.5,4.9214,10.15,0.4849,right,0.0327,rrt_star,1.3325,2,0.0,813,0,0,0,0,0.0,0.0,iter=600
19,1,1.3406,1.1406,4.55,364,0,0,0,0.5,4.9214,10.15,0.4849,right,0.0325,rrt_star,1.3176,2,0.0,813,0,0,0,0,0.0,0.0,iter=900
19,1,1.3406,1.1406,4.55,364,0,0,0,0.5,4.9214,10.15,0.4849,right,0.0302,mppi,2.5209,50,0.0,813,0,0,0,0,0.0,0.0,"rollouts=96,iter=3"
19,1,1.3406,1.1406,4.55,364,0,0,0,0.5,4.9214,10.15,0.4849,right,0.0305,mppi,4.3481,50,0.0,813,0,0,0,0,0.0,0.0,"rollouts=192,iter=5"
19,1,1.3406,1.1406,4.55,364,0,0,0,0.5,4.9214,10.15,0.4849,right,0.0303,mppi,8.2485,50,0.0,813,0,0,0,0,0.0,0.0,"rollouts=384,iter=8"
20,1,2.0612,1.8612,5.675,454,0,0,0,0.5,6.442,10.0125,0.6434,left,0.0323,rrt,1.3246,2,0.0,802,0,0,0,0,0.0,0.0,iter=300
20,1,2.0612,1.8612,5.675,454,0,0,0,0.5,6.442,10.0125,0.6434,left,0.0337,rrt,1.3474,2,0.0,802,0,0,0,0,0.0,0.0,iter=600
20,1,2.0612,1.8612,5.675,454,0,0,0,0.5,6.442,10.0125,0.6434,left,0.031,rrt,1.3208,2,0.0,802,0,0,0,0,0.0,0.0,iter=900
20,1,2.0612,1.8612,5.675,454,0,0,0,0.5,6.442,10.0125,0.6434,left,0.0302,rrt_star,1.3094,2,0.0,802,0,0,0,0,0.0,0.0,iter=300
20,1,2.0612,1.8612,5.675,454,0,0,0,0.5,6.442,10.0125,0.6434,left,0.0295,rrt_star,1.3466,2,0.0,802,0,0,0,0,0.0,0.0,iter=600
20,1,2.0612,1.8612,5.675,454,0,0,0,0.5,6.442,10.0125,0.6434,left,0.0294,rrt_star,1.3274,2,0.0,802,0,0,0,0,0.0,0.0,iter=900
20,1,2.0612,1.8612,5.675,454,0,0,0,0.5,6.442,10.0125,0.6434,left,0.031,mppi,2.604,50,0.0,802,0,0,0,0,0.0,0.0,"rollouts=96,iter=3"
20,1,2.0612,1.8612,5.675,454,0,0,0,0.5,6.442,10.0125,0.6434,left,0.0302,mppi,3.9808,50,0.0,802,0,0,0,0,0.0,0.0,"rollouts=192,iter=5"
20,1,2.0612,1.8612,5.675,454,0,0,0,0.5,6.442,10.0125,0.6434,left,0.031,mppi,8.1882,50,0.0,802,0,0,0,0,0.0,0.0,"rollouts=384,iter=8"
21,1,0.7169,0.5169,6.2125,497,0,0,0,0.5,7.3739,10.45,0.7056,left,0.0328,rrt,1.8955,3,0.005126,680,157,0,0,0,0.0,0.0,iter=300
21,1,0.7245,0.5245,5.825,466,0,0,0,0.5,6.7578,10.45,0.6467,left,0.0359,rrt,1.741,3,1e-05,666,171,0,0,0,0.0,0.0,iter=600
21,1,0.7109,0.5109,6.0375,483,0,0,0,0.5,7.0856,10.45,0.6781,left,0.0383,rrt,1.442,3,0.003127,672,165,0,0,0,0.0,0.0,iter=900
21,1,0.7859,0.5859,5.875,470,0,0,0,0.5,6.8014,10.45,0.6509,left,0.0334,rrt_star,26.5735,6,0.000227,685,152,0,0,0,0.0,0.0,iter=300
21,1,0.7633,0.5633,5.8625,469,0,0,0,0.5,6.7901,10.45,0.6498,left,0.0403,rrt_star,79.5274,5,0.000161,678,159,0,0,0,0.0,0.0,iter=600
21,1,0.7052,0.5052,5.8125,465,0,0,0,0.5,6.7569,10.45,0.6466,left,0.038,rrt_star,165.3452,5,1.2e-05,661,176,0,0,0,0.0,0.0,iter=900
21,1,0.9439,0.7439,5.9125,473,0,0,0,0.5,6.7813,10.45,0.6489,left,0.0322,mppi,2.8647,50,2.1e-05,734,103,0,0,0,0.0,0.0,"rollouts=96,iter=3"
21,1,0.9439,0.7439,5.9125,473,0,0,0,0.5,6.7813,10.45,0.6489,left,0.0316,mppi,4.379,50,2.1e-05,734,103,0,0,0,0.0,0.0,"rollouts=192,iter=5"
21,1,0.9439,0.7439,5.9125,473,0,0,0,0.5,6.7813,10.45,0.6489,left,0.035,mppi,8.753,50,2.1e-05,734,103,0,0,0,0.0,0.0,"rollouts=384,iter=8"
22,1,0.7768,0.5768,6.0,480,0,0,0,0.5,7.8387,10.075,0.778,left,0.0329,rrt,1.8332,3,0.001891,677,130,0,0,0,0.0,0.0,iter=300
22,1,0.7065,0.5065,5.475,438,0,0,0,0.5,6.9751,10.075,0.6923,left,0.0356,rrt,1.67,3,7.2e-05,644,163,0,0,0,0.0,0.0,iter=600
22,1,0.7476,0.5476,5.4625,437,0,0,0,0.5,6.9354,10.075,0.6884,left,0.0372,rrt,2.0379,3,3.8e-05,635,172,0,0,0,0.0,0.0,iter=900
22,1,0.7496,0.5496,5.55,444,0,0,0,0.5,7.0611,10.075,0.7009,left,0.0321,rrt_star,26.1889,8,0.000751,645,162,0,0,0,0.0,0.0,iter=300
22,1,0.7001,0.5001,5.45,436,0,0,0,0.5,6.9592,10.075,0.6907,left,0.0349,rrt_star,89.3555,10,0.000293,634,173,0,0,0,0.0,0.0,iter=600
22,1,0.7215,0.5215,5.4625,437,0,0,0,0.5,6.9413,10.075,0.689,left,0.0356,rrt_star,171.3203,9,0.00014,629,178,0,0,0,0.0,0.0,iter=900
22,1,0.9359,0.7359,5.5625,445,0,0,0,0.5,6.9865,10.075,0.6934,left,0.0314,mppi,2.8457,50,6.4e-05,691,116,0,0,0,0.0,0.0,"rollouts=96,iter=3"
22,1,0.9359,0.7359,5.5625,445,0,0,0,0.5,6.9865,10.075,0.6934,left,0.0323,mppi,4.4465,50,6.4e-05,691,116,0,0,0,0.0,0.0,"rollouts=192,iter=5"
22,1,0.9359,0.7359,5.5625,445,0,0,0,0.5,6.9865,10.075,0.6934,left,0.0314,mppi,8.4769,50,6.4e-05,691,116,0,0,0,0.0,0.0,"rollouts=384,iter=8"
23,1,0.7963,0.5963,6.9875,559,0,0,0,0.5,7.5035,13.0875,0.5733,right,0.0383,rrt,2.4356,3,0.000247,879,169,0,0,0,0.0,0.0,iter=300
23,1,0.701,0.501,7.2,576,0,0,0,0.5,7.8267,13.0875,0.598,right,0.0354,rrt,3.3437,3,0.000997,857,191,0,0,0,0.0,0.0,iter=600
23,1,0.7269,0.5269,6.85,548,0,0,0,0.5,7.3791,13.0875,0.5638,right,0.0349,rrt,2.3529,3,8.3e-05,851,197,0,0,0,0.0,0.0,iter=900
23,1,0.7802,0.5802,6.9375,555,0,0,0,0.5,7.4502,13.0875,0.5693,right,0.0399,rrt_star,23.0774,8,0.000407,872,176,0,0,0,0.0,0.0,iter=300
23,1,0.7045,0.5045,6.4625,517,0,0,0,0.5,7.3602,13.0875,0.5624,right,0.0387,rrt_star,75.2344,8,6.8e-05,825,223,0,0,0,0.0,0.0,iter=600
23,1,0.7108,0.5108,6.85,548,0,0,0,0.5,7.3767,13.0875,0.5636,right,0.0423,rrt_star,168.7851,9,0.000153,828,220,0,0,0,0.0,0.0,iter=900
23,1,0.9309,0.7309,6.975,558,0,0,0,0.5,7.4248,13.0875,0.5673,right,0.0353,mppi,3.1766,50,9.8e-05,893,155,0,0,0,0.0,0.0,"rollouts=96,iter=3"
23,1,0.9309,0.7309,6.975,558,0,0,0,0.5,7.4248,13.0875,0.5673,right,0.0354,mppi,4.6492,50,9.8e-05,893,155,0,0,0,0.0,0.0,"rollouts=192,iter=5"
23,1,0.9309,0.7309,6.975,558,0,0,0,0.5,7.4248,13.0875,0.5673,right,0.0374,mppi,9.1402,50,9.8e-05,893,155,0,0,0,0.0,0.0,"rollouts=384,iter=8"
24,1,0.7304,0.5304,6.8375,547,0,0,0,0.5,6.7109,12.2125,0.5495,right,0.0389,rrt,2.0114,3,2.3e-05,779,199,0,0,0,0.0,0.0,iter=300
24,1,0.8003,0.6003,7.1875,575,0,0,0,0.5,7.1396,12.2125,0.5846,right,0.0366,rrt,2.3451,3,0.001099,814,164,0,0,0,0.0,0.0,iter=600
24,1,0.7117,0.5117,7.45,596,0,0,0,0.5,7.5853,12.2125,0.6211,right,0.0336,rrt,1.9222,3,0.00305,797,181,0,0,0,0.0,0.0,iter=900
24,1,0.7196,0.5196,6.875,550,0,0,0,0.5,6.7633,12.2125,0.5538,right,0.0382,rrt_star,27.8901,5,0.000268,777,201,0,0,0,0.0,0.0,iter=300
24,1,0.7186,0.5186,6.85,548,0,0,0,0.5,6.7392,12.2125,0.5518,right,0.0394,rrt_star,71.0253,4,6.1e-05,776,202,0,0,0,0.0,0.0,iter=600
24,1,0.722,0.522,6.825,546,0,0,0,0.5,6.7078,12.2125,0.5493,right,0.0379,rrt_star,159.5513,6,1.2e-05,776,202,0,0,0,0.0,0.0,iter=900
24,1,0.9414,0.7414,6.95,556,0,0,0,0.5,6.7345,12.2125,0.5514,right,0.0341,mppi,3.0358,50,3.1e-05,848,130,0,0,0,0.0,0.0,"rollouts=96,iter=3"
24,1,0.9414,0.7414,6.95,556,0,0,0,0.5,6.7345,12.2125,0.5514,right,0.0339,mppi,4.4504,50,3.1e-05,848,130,0,0,0,0.0,0.0,"rollouts=192,iter=5"
24,1,0.9414,0.7414,6.95,556,0,0,0,0.5,6.7345,12.2125,0.5514,right,0.0358,mppi,8.9055,50,3.1e-05,848,130,0,0,0,0.0,0.0,"rollouts=384,iter=8"
25,1,1.4361,1.2361,6.65,532,0,0,0,0.5,6.3811,11.6875,0.546,right,0.038,rrt,1.535,2,0.0,936,0,0,0,0,0.0,0.0,iter=300
25,1,1.4361,1.2361,6.65,532,0,0,0,0.5,6.3811,11.6875,0.546,right,0.0346,rrt,1.5342,2,0.0,936,0,0,0,0,0.0,0.0,iter=600
25,1,1.4361,1.2361,6.65,532,0,0,0,0.5,6.3811,11.6875,0.546,right,0.0332,rrt,1.5364,2,0.0,936,0,0,0,0,0.0,0.0,iter=900
25,1,1.4361,1.2361,6.65,532,0,0,0,0.5,6.3811,11.6875,0.546,right,0.0323,rrt_star,1.5316,2,0.0,936,0,0,0,0,0.0,0.0,iter=300
25,1,1.4361,1.2361,6.65,532,0,0,0,0.5,6.3811,11.6875,0.546,right,0.0322,rrt_star,1.5269,2,0.0,936,0,0,0,0,0.0,0.0,iter=600
25,1,1.4361,1.2361,6.65,532,0,0,0,0.5,6.3811,11.6875,0.546,right,0.0318,rrt_star,1.5368,2,0.0,936,0,0,0,0,0.0,0.0,iter=900
25,1,1.4361,1.2361,6.65,532,0,0,0,0.5,6.3811,11.6875,0.546,right,0.0324,mppi,2.744,50,0.0,936,0,0,0,0,0.0,0.0,"rollouts=96,iter=3"
25,1,1.4361,1.2361,6.65,532,0,0,0,0.5,6.3811,11.6875,0.546,right,0.0335,mppi,4.2041,50,0.0,936,0,0,0,0,0.0,0.0,"rollouts=192,iter=5"
25,1,1.4361,1.2361,6.65,532,0,0,0,0.5,6.3811,11.6875,0.546,right,0.0333,mppi,8.3331,50,0.0,936,0,0,0,0,0.0,0.0,"rollouts=384,iter=8"
26,1,1.8761,1.6761,3.075,246,0,0,0,0.5,7.2997,8.4625,0.8626,left,0.0298,rrt,1.1251,2,0.0,678,0,0,0,0,0.0,0.0,iter=300
26,1,1.8761,1.6761,3.075,246,0,0,0,0.5,7.2997,8.4625,0.8626,left,0.0284,rrt,1.1257,2,0.0,678,0,0,0,0,0.0,0.0,iter=600
26,1,1.8761,1.6761,3.075,246,0,0,0,0.5,7.2997,8.4625,0.8626,left,0.0274,rrt,1.1143,2,0.0,678,0,0,0,0,0.0,0.0,iter=900
26,1,1.8761,1.6761,3.075,246,0,0,0,0.5,7.2997,8.4625,0.8626,left,0.0271,rrt_star,1.1133,2,0.0,678,0,0,0,0,0.0,0.0,iter=300
26,1,1.8761,1.6761,3.075,246,0,0,0,0.5,7.2997,8.4625,0.8626,left,0.0269,rrt_star,1.111,2,0.0,678,0,0,0,0,0.0,0.0,iter=600
26,1,1.8761,1.6761,3.075,246,0,0,0,0.5,7.2997,8.4625,0.8626,left,0.0266,rrt_star,1.1053,2,0.0,678,0,0,0,0,0.0,0.0,iter=900
26,1,1.8761,1.6761,3.075,246,0,0,0,0.5,7.2997,8.4625,0.8626,left,0.0292,mppi,2.3121,50,0.0,678,0,0,0,0,0.0,0.0,"rollouts=96,iter=3"
26,1,1.8761,1.6761,3.075,246,0,0,0,0.5,7.2997,8.4625,0.8626,left,0.0276,mppi,3.7113,50,0.0,678,0,0,0,0,0.0,0.0,"rollouts=192,iter=5"
26,1,1.8761,1.6761,3.075,246,0,0,0,0.5,7.2997,8.4625,0.8626,left,0.0284,mppi,7.9676,50,0.0,678,0,0,0,0,0.0,0.0,"rollouts=384,iter=8"
27,1,0.7402,0.5402,3.9875,319,0,0,0,0.5,6.6447,8.4125,0.7899,left,0.0302,rrt,1.2498,3,0.005227,538,136,0,0,0,0.0,0.0,iter=300
27,1,0.7631,0.5631,4.075,326,0,0,0,0.5,6.7613,8.4125,0.8037,left,0.029,rrt,1.4688,3,0.007334,546,128,0,0,0,0.0,0.0,iter=600
27,1,0.8381,0.6381,3.6125,289,0,0,0,0.5,6.0847,8.4125,0.7233,left,0.0282,rrt,1.4115,3,0.000105,554,120,0,0,0,0.0,0.0,iter=900
27,1,0.8242,0.6242,3.6,288,0,0,0,0.5,6.0841,8.4125,0.7232,left,0.033,rrt_star,25.2948,4,0.000181,549,125,0,0,0,0.0,0.0,iter=300
27,1,0.7286,0.5286,3.5375,283,0,0,0,0.5,6.0438,8.4125,0.7184,left,0.0312,rrt_star,83.1419,4,4.2e-05,521,153,0,0,0,0.0,0.0,iter=600
27,1,0.7278,0.5278,3.5375,283,0,0,0,0.5,6.0372,8.4125,0.7176,left,0.0357,rrt_star,161.4087,5,4.2e-05,521,153,0,0,0,0.0,0.0,iter=900
27,1,0.9417,0.7417,3.3375,267,0,0,0,0.5,6.0647,8.4125,0.7209,left,0.0314,mppi,2.7446,50,2.3e-05,577,97,0,0,0,0.0,0.0,"rollouts=96,iter=3"
27,1,0.9417,0.7417,3.3375,267,0,0,0,0.5,6.0647,8.4125,0.7209,left,0.0292,mppi,3.9571,50,2.3e-05,577,97,0,0,0,0.0,0.0,"rollouts=192,iter=5"
27,1,0.9417,0.7417,3.3375,267,0,0,0,0.5,6.0647,8.4125,0.7209,left,0.029,mppi,8.3006,50,2.3e-05,577,97,0,0,0,0.0,0.0,"rollouts=384,iter=8"
28,1,0.7667,0.5667,4.6625,373,0,0,0,0.5,6.7844,11.725,0.5786,left,0.039,rrt,2.2903,3,6.3e-05,730,209,0,0,0,0.0,0.0,iter=300
28,1,0.8702,0.6702,4.7625,381,0,0,0,0.5,6.8429,11.725,0.5836,left,0.0345,rrt,2.365,3,0.000151,800,139,0,0,0,0.0,0.0,iter=600
28,1,0.7774,0.5774,5.0125,401,0,0,0,0.5,7.1286,11.725,0.608,left,0.033,rrt,1.7985,3,0.000846,774,165,0,0,0,0.0,0.0,iter=900
28,1,0.8262,0.6262,4.35,348,0,0,0,0.5,6.8147,11.725,0.5812,left,0.0358,rrt_star,26.2022,7,9.6e-05,760,179,0,0,0,0.0,0.0,iter=300
28,1,0.7204,0.5204,4.4625,357,0,0,0,0.5,6.7969,11.725,0.5797,left,0.0395,rrt_star,85.4682,7,0.000128,742,197,0,0,0,0.0,0.0,iter=600
28,1,0.7007,0.5007,4.6,368,0,0,0,0.5,6.7791,11.725,0.5782,left,0.0402,rrt_star,155.157,9,7.9e-05,721,218,0,0,0,0.0,0.0,iter=900
28,1,0.9218,0.7218,4.15,332,0,0,0,0.5,6.8435,11.725,0.5837,left,0.0338,mppi,3.0332,50,9.5e-05,787,152,0,0,0,0.0,0.0,"rollouts=96,iter=3"
28,1,0.9218,0.7218,4.15,332,0,0,0,0.5,6.8435,11.725,0.5837,left,0.0333,mppi,4.5063,50,9.5e-05,787,152,0,0,0,0.0,0.0,"rollouts=192,iter=5"
28,1,0.9218,0.7218,4.15,332,0,0,0,0.5,6.8435,11.725,0.5837,left,0.0336,mppi,8.7772,50,9.5e-05,787,152,0,0,0,0.0,0.0,"rollouts=384,iter=8"
29,1,0.8249,0.6249,6.2,496,0,0,0,0.5,7.2884,15.0,0.4859,right,0.0429,rrt,2.5362,3,0.000225,1015,186,0,0,0,0.0,0.0,iter=300
29,1,0.7067,0.5067,7.45,596,0,0,0,0.5,8.5237,15.0,0.5682,right,0.0435,rrt,2.4045,3,0.002748,1001,200,0,0,0,0.0,0.0,iter=600
29,1,0.7477,0.5477,6.1875,495,0,0,0,0.5,7.297,15.0,0.4865,right,0.0378,rrt,2.2371,3,0.000429,982,219,0,0,0,0.0,0.0,iter=900
29,1,0.8583,0.6583,6.125,490,0,0,0,0.5,7.2145,15.0,0.481,right,0.0442,rrt_star,22.9851,5,0.00019,1030,171,0,0,0,0.0,0.0,iter=300
29,1,0.7202,0.5202,5.575,446,0,0,0,0.5,7.0837,15.0,0.4722,right,0.044,rrt_star,89.649,8,0.000117,933,268,0,0,0,0.0,0.0,iter=600
29,1,0.7236,0.5236,5.9,472,0,0,0,0.5,7.0781,15.0,0.4719,right,0.0478,rrt_star,167.0404,7,4.5e-05,940,261,0,0,0,0.0,0.0,iter=900
29,1,0.9179,0.7179,5.25,420,0,0,0,0.5,7.1435,15.0,0.4762,right,0.0396,mppi,3.542,50,8.5e-05,1009,192,0,0,0,0.0,0.0,"rollouts=96,iter=3"
29,1,0.9179,0.7179,5.25,420,0,0,0,0.5,7.1435,15.0,0.4762,right,0.0413,mppi,5.2419,50,8.5e-05,1009,192,0,0,0,0.0,0.0,"rollouts=192,iter=5"
29,1,0.9179,0.7179,5.25,420,0,0,0,0.5,7.1435,15.0,0.4762,right,0.0401,mppi,9.1842,50,8.5e-05,1009,192,0,0,0,0.0,0.0,"rollouts=384,iter=8"
30,1,0.7374,0.5374,3.85,308,0,0,0,0.5,6.7207,9.9125,0.678,right,0.0368,rrt,1.4418,3,0.00026,634,160,0,0,0,0.0,0.0,iter=300
30,1,0.7021,0.5021,3.7625,301,0,0,0,0.5,6.646,9.9125,0.6705,right,0.0329,rrt,1.5512,3,1.5e-05,615,179,0,0,0,0.0,0.0,iter=600
30,1,0.7036,0.5036,3.7875,303,0,0,0,0.5,6.667,9.9125,0.6726,right,0.0311,rrt,1.4638,3,6.3e-05,625,169,0,0,0,0.0,0.0,iter=900
30,1,0.7374,0.5374,3.85,308,0,0,0,0.5,6.7207,9.9125,0.678,right,0.0326,rrt_star,26.2458,3,0.00026,634,160,0,0,0,0.0,0.0,iter=300
30,1,0.7021,0.5021,3.7625,301,0,0,0,0.5,6.647,9.9125,0.6706,right,0.0363,rrt_star,88.0532,6,7e-06,618,176,0,0,0,0.0,0.0,iter=600
30,1,0.7285,0.5285,3.7875,303,0,0,0,0.5,6.661,9.9125,0.672,right,0.038,rrt_star,157.673,5,6.6e-05,631,163,0,0,0,0.0,0.0,iter=900
30,1,0.9372,0.7372,3.5125,281,0,0,0,0.5,6.6902,9.9125,0.6749,right,0.0315,mppi,2.797,50,2.3e-05,684,110,0,0,0,0.0,0.0,"rollouts=96,iter=3"
30,1,0.9372,0.7372,3.5125,281,0,0,0,0.5,6.6902,9.9125,0.6749,right,0.0313,mppi,4.2828,50,2.3e-05,684,110,0,0,0,0.0,0.0,"rollouts=192,iter=5"
30,1,0.9372,0.7372,3.5125,281,0,0,0,0.5,6.6902,9.9125,0.6749,right,0.0399,mppi,8.8052,50,2.3e-05,684,110,0,0,0,0.0,0.0,"rollouts=384,iter=8"
31,1,1.5267,1.3267,3.725,298,0,0,0,0.5,6.3292,8.8125,0.7182,right,0.0354,rrt,1.2184,2,0.0,706,0,0,0,0,0.0,0.0,iter=300
31,1,1.5267,1.3267,3.725,298,0,0,0,0.5,6.3292,8.8125,0.7182,right,0.0299,rrt,1.1715,2,0.0,706,0,0,0,0,0.0,0.0,iter=600
31,1,1.5267,1.3267,3.725,298,0,0,0,0.5,6.3292,8.8125,0.7182,right,0.0306,rrt,1.2053,2,0.0,706,0,0,0,0,0.0,0.0,iter=900
31,1,1.5267,1.3267,3.725,298,0,0,0,0.5,6.3292,8.8125,0.7182,right,0.0307,rrt_star,1.1967,2,0.0,706,0,0,0,0,0.0,0.0,iter=300
31,1,1.5267,1.3267,3.725,298,0,0,0,0.5,6.3292,8.8125,0.7182,right,0.0296,rrt_star,1.1725,2,0.0,706,0,0,0,0,0.0,0.0,iter=600
31,1,1.5267,1.3267,3.725,298,0,0,0,0.5,6.3292,8.8125,0.7182,right,0.0314,rrt_star,1.1883,2,0.0,706,0,0,0,0,0.0,0.0,iter=900
31,1,1.5267,1.3267,3.725,298,0,0,0,0.5,6.3292,8.8125,0.7182,right,0.029,mppi,2.3408,50,0.0,706,0,0,0,0,0.0,0.0,"rollouts=96,iter=3"
31,1,1.5267,1.3267,3.725,298,0,0,0,0.5,6.3292,8.8125,0.7182,right,0.0288,mppi,3.8391,50,0.0,706,0,0,0,0,0.0,0.0,"rollouts=192,iter=5"
31,1,1.5267,1.3267,3.725,298,0,0,0,0.5,6.3292,8.8125,0.7182,right,0.0327,mppi,8.121,50,0.0,706,0,0,0,0,0.0,0.0,"rollouts=384,iter=8"
32,1,1.7327,1.5327,6.2,496,0,0,0,0.5,6.385,10.65,0.5995,left,0.0334,rrt,1.4276,2,0.0,853,0,0,0,0,0.0,0.0,iter=300
32,1,1.7327,1.5327,6.2,496,0,0,0,0.5,6.385,10.65,0.5995,left,0.0313,rrt,1.4243,2,0.0,853,0,0,0,0,0.0,0.0,iter=600
32,1,1.7327,1.5327,6.2,496,0,0,0,0.5,6.385,10.65,0.5995,left,0.0311,rrt,1.4176,2,0.0,853,0,0,0,0,0.0,0.0,iter=900
32,1,1.7327,1.5327,6.2,496,0,0,0,0.5,6.385,10.65,0.5995,left,0.0302,rrt_star,1.4139,2,0.0,853,0,0,0,0,0.0,0.0,iter=300
32,1,1.7327,1.5327,6.2,496,0,0,0,0.5,6.385,10.65,0.5995,left,0.0302,rrt_star,1.4215,2,0.0,853,0,0,0,0,0.0,0.0,iter=600
32,1,1.7327,1.5327,6.2,496,0,0,0,0.5,6.385,10.65,0.5995,left,0.0302,rrt_star,1.4499,2,0.0,853,0,0,0,0,0.0,0.0,iter=900
32,1,1.7327,1.5327,6.2,496,0,0,0,0.5,6.385,10.65,0.5995,left,0.031,mppi,2.632,50,0.0,853,0,0,0,0,0.0,0.0,"rollouts=96,iter=3"
32,1,1.7327,1.5327,6.2,496,0,0,0,0.5,6.385,10.65,0.5995,left,0.0322,mppi,4.1803,50,0.0,853,0,0,0,0,0.0,0.0,"rollouts=192,iter=5"
32,1,1.7327,1.5327,6.2,496,0,0,0,0.5,6.385,10.65,0.5995,left,0.0312,mppi,8.3403,50,0.0,853,0,0,0,0,0.0,0.0,"rollouts=384,iter=8"
33,1,0.8049,0.6049,6.0375,483,0,0,0,0.5,7.0841,10.475,0.6763,left,0.0332,rrt,1.7708,3,0.001887,699,140,0,0,0,0.0,0.0,iter=300
33,1,0.9187,0.7187,5.85,468,0,0,0,0.5,6.7262,10.475,0.6421,left,0.0315,rrt,1.8318,3,3.4e-05,738,101,0,0,0,0.0,0.0,iter=600
33,1,0.7448,0.5448,5.75,460,0,0,0,0.5,6.7056,10.475,0.6401,left,0.031,rrt,1.613,3,6e-06,673,166,0,0,0,0.0,0.0,iter=900
33,1,0.7275,0.5275,5.7625,461,0,0,0,0.5,6.7204,10.475,0.6416,left,0.034,rrt_star,26.0362,3,7.3e-05,668,171,0,0,0,0.0,0.0,iter=300
33,1,0.7004,0.5004,5.7375,459,0,0,0,0.5,6.7028,10.475,0.6399,left,0.0342,rrt_star,81.6308,5,4e-06,660,179,0,0,0,0.0,0.0,iter=600
33,1,0.7032,0.5032,5.7375,459,0,0,0,0.5,6.7032,10.475,0.6399,left,0.0373,rrt_star,168.6139,5,2e-06,662,177,0,0,0,0.0,0.0,iter=900
33,1,0.9446,0.7446,5.6625,453,0,0,0,0.5,6.7264,10.475,0.6421,left,0.0325,mppi,2.8535,50,1.4e-05,737,102,0,0,0,0.0,0.0,"rollouts=96,iter=3"
33,1,0.9446,0.7446,5.6625,453,0,0,0,0.5,6.7264,10.475,0.6421,left,0.0325,mppi,4.259,50,1.4e-05,737,102,0,0,0,0.0,0.0,"rollouts=192,iter=5"
33,1,0.9446,0.7446,5.6625,453,0,0,0,0.5,6.7264,10.475,0.6421,left,0.0326,mppi,8.5015,50,1.4e-05,737,102,0,0,0,0.0,0.0,"rollouts=384,iter=8"
34,1,0.7706,0.5706,6.4125,513,0,0,0,0.5,7.8083,11.4875,0.6797,left,0.0349,rrt,1.9303,3,0.003335,770,150,0,0,0,0.0,0.0,iter=300
34,1,0.7689,0.5689,6.0,480,0,0,0,0.5,7.2194,11.4875,0.6285,left,0.0329,rrt,1.6925,3,0.000159,757,163,0,0,0,0.0,0.0,iter=600
34,1,0.7677,0.5677,6.1375,491,0,0,0,0.5,7.4087,11.4875,0.6449,left,0.0321,rrt,1.608,3,0.000796,761,159,0,0,0,0.0,0.0,iter=900
34,1,0.7238,0.5238,5.6,448,0,0,0,0.5,7.1171,11.4875,0.6196,left,0.0373,rrt_star,25.1679,8,0.000168,720,200,0,0,0,0.0,0.0,iter=300
34,1,0.7018,0.5018,5.8875,471,0,0,0,0.5,7.1012,11.4875,0.6182,left,0.0379,rrt_star,80.7935,8,3e-05,734,186,0,0,0,0.0,0.0,iter=600
34,1,0.7099,0.5099,5.9,472,0,0,0,0.5,7.1167,11.4875,0.6195,left,0.0437,rrt_star,183.407,6,4.5e-05,738,182,0,0,0,0.0,0.0,iter=900
34,1,0.9406,0.7406,5.7,456,0,0,0,0.5,7.1423,11.4875,0.6217,left,0.0402,mppi,3.3708,50,3.4e-05,801,119,0,0,0,0.0,0.0,"rollouts=96,iter=3"
34,1,0.9406,0.7406,5.7,456,0,0,0,0.5,7.1423,11.4875,0.6217,left,0.0393,mppi,4.5279,50,3.4e-05,801,119,0,0,0,0.0,0.0,"rollouts=192,iter=5"
34,1,0.9406,0.7406,5.7,456,0,0,0,0.5,7.1423,11.4875,0.6217,left,0.0367,mppi,9.0505,50,3.4e-05,801,119,0,0,0,0.0,0.0,"rollouts=384,iter=8"
35,1,0.7316,0.5316,7.15,572,0,0,0,0.5,6.8118,12.275,0.5549,right,0.0373,rrt,2.5812,3,0.000175,786,197,0,0,0,0.0,0.0,iter=300
35,1,0.7206,0.5206,7.0625,565,0,0,0,0.5,6.6947,12.275,0.5454,right,0.0346,rrt,2.2908,3,8.4e-05,779,204,0,0,0,0.0,0.0,iter=600
35,1,0.7036,0.5036,7.075,566,0,0,0,0.5,6.7226,12.275,0.5477,right,0.0388,rrt,2.065,3,0.000168,775,208,0,0,0,0.0,0.0,iter=900
35,1,0.7662,0.5662,6.5375,523,0,0,0,0.5,6.7795,12.275,0.5523,right,0.0366,rrt_star,25.1083,9,0.000536,773,210,0,0,0,0.0,0.0,iter=300
35,1,0.7165,0.5165,6.825,546,0,0,0,0.5,6.6749,12.275,0.5438,right,0.043,rrt_star,84.29,10,0.000167,771,212,0,0,0,0.0,0.0,iter=600
35,1,0.7054,0.5054,6.8,544,0,0,0,0.5,6.6618,12.275,0.5427,right,0.0418,rrt_star,168.8871,9,6.4e-05,755,228,0,0,0,0.0,0.0,iter=900
35,1,0.925,0.725,7.2,576,0,0,0,0.5,6.7294,12.275,0.5482,right,0.0348,mppi,3.0425,50,8.9e-05,819,164,0,0,0,0.0,0.0,"rollouts=96,iter=3"
35,1,0.925,0.725,7.2,576,0,0,0,0.5,6.7294,12.275,0.5482,right,0.0339,mppi,4.492,50,8.9e-05,819,164,0,0,0,0.0,0.0,"rollouts=192,iter=5"
35,1,0.925,0.725,7.2,576,0,0,0,0.5,6.7294,12.275,0.5482,right,0.0614,mppi,12.4829,50,8.9e-05,819,164,0,0,0,0.0,0.0,"rollouts=384,iter=8"
36,1,0.7666,0.5666,6.35,508,0,0,0,0.5,6.9261,11.475,0.6036,right,0.0374,rrt,1.8003,3,0.000392,749,170,0,0,0,0.0,0.0,iter=300
36,1,0.7261,0.5261,6.2625,501,0,0,0,0.5,6.8224,11.475,0.5945,right,0.034,rrt,1.7576,3,1.8e-05,734,185,0,0,0,0.0,0.0,iter=600
36,1,0.7544,0.5544,6.35,508,0,0,0,0.5,6.9212,11.475,0.6032,right,0.0334,rrt,1.6405,3,0.000227,745,174,0,0,0,0.0,0.0,iter=900
36,1,0.7392,0.5392,6.2625,501,0,0,0,0.5,6.8164,11.475,0.594,right,0.0366,rrt_star,28.2245,8,3.4e-05,724,195,0,0,0,0.0,0.0,iter=300
36,1,0.7462,0.5462,6.2,496,0,0,0,0.5,6.8192,11.475,0.5943,right,0.04,rrt_star,83.4846,10,3.9e-05,731,188,0,0,0,0.0,0.0,iter=600
36,1,0.7022,0.5022,6.25,500,0,0,0,0.5,6.8137,11.475,0.5938,right,0.0392,rrt_star,176.1803,7,2.5e-05,727,192,0,0,0,0.0,0.0,iter=900
36,1,0.942,0.742,6.2375,499,0,0,0,0.5,6.8451,11.475,0.5965,right,0.0336,mppi,2.9425,50,2e-05,802,117,0,0,0,0.0,0.0,"rollouts=96,iter=3"
36,1,0.942,0.742,6.2375,499,0,0,0,0.5,6.8451,11.475,0.5965,right,0.0335,mppi,4.4715,50,2e-05,802,117,0,0,0,0.0,0.0,"rollouts=192,iter=5"
36,1,0.942,0.742,6.2375,499,0,0,0,0.5,6.8451,11.475,0.5965,right,0.0355,mppi,8.9508,50,2e-05,802,117,0,0,0,0.0,0.0,"rollouts=384,iter=8"
37,1,1.3888,1.1888,6.4125,513,0,0,0,0.5,6.5504,11.475,0.5708,right,0.039,rrt,1.5394,2,0.0,919,0,0,0,0,0.0,0.0,iter=300
37,1,1.3888,1.1888,6.4125,513,0,0,0,0.5,6.5504,11.475,0.5708,right,0.0337,rrt,1.5127,2,0.0,919,0,0,0,0,0.0,0.0,iter=600
37,1,1.3888,1.1888,6.4125,513,0,0,0,0.5,6.5504,11.475,0.5708,right,0.0356,rrt,1.5368,2,0.0,919,0,0,0,0,0.0,0.0,iter=900
37,1,1.3888,1.1888,6.4125,513,0,0,0,0.5,6.5504,11.475,0.5708,right,0.0326,rrt_star,1.5229,2,0.0,919,0,0,0,0,0.0,0.0,iter=300
37,1,1.3888,1.1888,6.4125,513,0,0,0,0.5,6.5504,11.475,0.5708,right,0.0323,rrt_star,1.519,2,0.0,919,0,0,0,0,0.0,0.0,iter=600
37,1,1.3888,1.1888,6.4125,513,0,0,0,0.5,6.5504,11.475,0.5708,right,0.0312,rrt_star,1.5054,2,0.0,919,0,0,0,0,0.0,0.0,iter=900
37,1,1.3888,1.1888,6.4125,513,0,0,0,0.5,6.5504,11.475,0.5708,right,0.0325,mppi,2.709,50,0.0,919,0,0,0,0,0.0,0.0,"rollouts=96,iter=3"
37,1,1.3888,1.1888,6.4125,513,0,0,0,0.5,6.5504,11.475,0.5708,right,0.0355,mppi,4.2761,50,0.0,919,0,0,0,0,0.0,0.0,"rollouts=192,iter=5"
37,1,1.3888,1.1888,6.4125,513,0,0,0,0.5,6.5504,11.475,0.5708,right,0.0338,mppi,8.58,50,0.0,919,0,0,0,0,0.0,0.0,"rollouts=384,iter=8"
38,1,1.7991,1.5991,7.9,632,0,0,0,0.5,6.6219,11.55,0.5733,left,0.0354,rrt,1.5368,2,0.0,925,0,0,0,0,0.0,0.0,iter=300
38,1,1.7991,1.5991,7.9,632,0,0,0,0.5,6.6219,11.55,0.5733,left,0.0336,rrt,1.5271,2,0.0,925,0,0,0,0,0.0,0.0,iter=600
38,1,1.7991,1.5991,7.9,632,0,0,0,0.5,6.6219,11.55,0.5733,left,0.0326,rrt,1.5677,2,0.0,925,0,0,0,0,0.0,0.0,iter=900
38,1,1.7991,1.5991,7.9,632,0,0,0,0.5,6.6219,11.55,0.5733,left,0.0314,rrt_star,1.532,2,0.0,925,0,0,0,0,0.0,0.0,iter=300
38,1,1.7991,1.5991,7.9,632,0,0,0,0.5,6.6219,11.55,0.5733,left,0.057,rrt_star,1.5388,2,0.0,925,0,0,0,0,0.0,0.0,iter=600
38,1,1.7991,1.5991,7.9,632,0,0,0,0.5,6.6219,11.55,0.5733,left,0.0342,rrt_star,1.5683,2,0.0,925,0,0,0,0,0.0,0.0,iter=900
38,1,1.7991,1.5991,7.9,632,0,0,0,0.5,6.6219,11.55,0.5733,left,0.0329,mppi,2.5621,50,0.0,925,0,0,0,0,0.0,0.0,"rollouts=96,iter=3"
38,1,1.7991,1.5991,7.9,632,0,0,0,0.5,6.6219,11.55,0.5733,left,0.033,mppi,4.1684,50,0.0,925,0,0,0,0,0.0,0.0,"rollouts=192,iter=5"
38,1,1.7991,1.5991,7.9,632,0,0,0,0.5,6.6219,11.55,0.5733,left,0.0323,mppi,8.4447,50,0.0,925,0,0,0,0,0.0,0.0,"rollouts=384,iter=8"
39,1,0.7445,0.5445,7.3375,587,0,0,0,0.5,6.8867,11.3375,0.6074,left,0.0345,rrt,2.239,3,7.8e-05,732,176,0,0,0,0.0,0.0,iter=300
39,1,0.7789,0.5789,7.3375,587,0,0,0,0.5,6.8602,11.3375,0.6051,left,0.0322,rrt,1.8327,3,1.6e-05,742,166,0,0,0,0.0,0.0,iter=600
39,1,0.7012,0.5012,7.3,584,0,0,0,0.5,6.8622,11.3375,0.6053,left,0.0343,rrt,1.666,3,2.9e-05,720,188,0,0,0,0.0,0.0,iter=900
39,1,0.7168,0.5168,7.3125,585,0,0,0,0.5,6.885,11.3375,0.6073,left,0.0351,rrt_star,24.6376,4,6.1e-05,724,184,0,0,0,0.0,0.0,iter=300
39,1,0.7155,0.5155,7.3,584,0,0,0,0.5,6.8541,11.3375,0.6046,left,0.0351,rrt_star,86.3165,8,6.5e-05,723,185,0,0,0,0.0,0.0,iter=600
39,1,0.7009,0.5009,7.3375,587,0,0,0,0.5,6.8555,11.3375,0.6047,left,0.0379,rrt_star,164.619,10,5.9e-05,707,201,0,0,0,0.0,0.0,iter=900
39,1,0.9417,0.7417,7.35,588,0,0,0,0.5,6.875,11.3375,0.6064,left,0.0337,mppi,2.9558,50,2.1e-05,796,112,0,0,0,0.0,0.0,"rollouts=96,iter=3"
39,1,0.9417,0.7417,7.35,588,0,0,0,0.5,6.875,11.3375,0.6064,left,0.0332,mppi,4.4022,50,2.1e-05,796,112,0,0,0,0.0,0.0,"rollouts=192,iter=5"
39,1,0.9417,0.7417,7.35,588,0,0,0,0.5,6.875,11.3375,0.6064,left,0.0355,mppi,8.9497,50,2.1e-05,796,112,0,0,0,0.0,0.0,"rollouts=384,iter=8"
40,1,0.733,0.533,7.8625,629,0,0,0,0.5,8.1222,11.9625,0.679,left,0.038,rrt,2.6893,3,0.000854,797,161,0,0,0,0.0,0.0,iter=300
40,1,0.7685,0.5685,7.5875,607,0,0,0,0.5,7.5825,11.9625,0.6339,left,0.0353,rrt,2.1819,3,3.9e-05,784,174,0,0,0,0.0,0.0,iter=600
40,1,0.771,0.571,7.5875,607,0,0,0,0.5,7.5769,11.9625,0.6334,left,0.0414,rrt,2.4668,3,3.3e-05,776,182,0,0,0,0.0,0.0,iter=900
40,1,0.7213,0.5213,6.975,558,0,0,0,0.5,7.6384,11.9625,0.6385,left,0.0378,rrt_star,22.905,10,0.00063,777,181,0,0,0,0.0,0.0,iter=300
40,1,0.719,0.519,7.625,610,0,0,0,0.5,7.589,11.9625,0.6344,left,0.0379,rrt_star,79.6525,11,0.000248,748,210,0,0,0,0.0,0.0,iter=600
40,1,0.7102,0.5102,7.575,606,0,0,0,0.5,7.5935,11.9625,0.6348,left,0.0431,rrt_star,188.2922,12,0.000162,770,188,0,0,0,0.0,0.0,iter=900
40,1,0.9294,0.7294,7.6875,615,0,0,0,0.5,7.6219,11.9625,0.6372,left,0.0371,mppi,3.1775,50,7e-05,829,129,0,0,0,0.0,0.0,"rollouts=96,iter=3"
40,1,0.9294,0.7294,7.6875,615,0,0,0,0.5,7.6219,11.9625,0.6372,left,0.035,mppi,4.5608,50,7e-05,829,129,0,0,0,0.0,0.0,"rollouts=192,iter=5"
40,1,0.9294,0.7294,7.6875,615,0,0,0,0.5,7.6219,11.9625,0.6372,left,0.0344,mppi,8.7967,50,7e-05,829,129,0,0,0,0.0,0.0,"rollouts=384,iter=8"
41,1,0.7044,0.5044,7.2125,577,0,0,0,0.5,6.9426,10.525,0.6596,right,0.0376,rrt,3.1062,3,7.1e-05,648,195,0,0,0,0.0,0.0,iter=300
41,1,0.8489,0.6489,7.325,586,0,0,0,0.5,6.997,10.525,0.6648,right,0.0326,rrt,2.05,3,0.000103,681,162,0,0,0,0.0,0.0,iter=600
41,1,0.8219,0.6219,7.3625,589,0,0,0,0.5,7.124,10.525,0.6769,right,0.0439,rrt,3.327,3,0.000187,708,135,0,0,0,0.0,0.0,iter=900
41,1,0.7506,0.5506,6.8625,549,0,0,0,0.5,7.0043,10.525,0.6655,right,0.0397,rrt_star,24.3953,11,0.000358,663,180,0,0,0,0.0,0.0,iter=300
41,1,0.7149,0.5149,7.2625,581,0,0,0,0.5,7.0227,10.525,0.6672,right,0.0387,rrt_star,81.4487,8,0.000179,675,168,0,0,0,0.0,0.0,iter=600
41,1,0.7213,0.5213,7.25,580,0,0,0,0.5,6.9988,10.525,0.665,right,0.0372,rrt_star,166.1681,9,0.000162,676,167,0,0,0,0.0,0.0,iter=900
41,1,0.9113,0.7113,7.375,590,0,0,0,0.5,7.0211,10.525,0.6671,right,0.0322,mppi,2.8434,50,9.1e-05,704,139,0,0,0,0.0,0.0,"rollouts=96,iter=3"
41,1,0.9113,0.7113,7.375,590,0,0,0,0.5,7.0211,10.525,0.6671,right,0.034,mppi,4.343,50,9.1e-05,704,139,0,0,0,0.0,0.0,"rollouts=192,iter=5"
41,1,0.9113,0.7113,7.375,590,0,0,0,0.5,7.0211,10.525,0.6671,right,0.0326,mppi,8.5745,50,9.1e-05,704,139,0,0,0,0.0,0.0,"rollouts=384,iter=8"
42,1,0.8331,0.6331,7.8375,627,0,0,0,0.5,6.7089,11.6125,0.5777,right,0.0355,rrt,1.9832,3,1.1e-05,774,156,0,0,0,0.0,0.0,iter=300
42,1,0.7162,0.5162,8.075,646,0,0,0,0.5,7.3116,11.6125,0.6296,right,0.0337,rrt,1.6639,3,0.003587,752,178,0,0,0,0.0,0.0,iter=600
42,1,0.7348,0.5348,7.775,622,0,0,0,0.5,6.7252,11.6125,0.5791,right,0.0329,rrt,1.7392,3,4.7e-05,742,188,0,0,0,0.0,0.0,iter=900
42,1,0.7025,0.5025,7.75,620,0,0,0,0.5,6.7099,11.6125,0.5778,right,0.0348,rrt_star,26.8001,4,8.7e-05,733,197,0,0,0,0.0,0.0,iter=300
42,1,0.7013,0.5013,7.75,620,0,0,0,0.5,6.7044,11.6125,0.5773,right,0.039,rrt_star,79.0858,5,3.9e-05,733,197,0,0,0,0.0,0.0,iter=600
42,1,0.702,0.502,7.75,620,0,0,0,0.5,6.7012,11.6125,0.5771,right,0.0378,rrt_star,171.6267,5,8e-06,733,197,0,0,0,0.0,0.0,iter=900
42,1,0.9414,0.7414,7.9125,633,0,0,0,0.5,6.7232,11.6125,0.579,right,0.034,mppi,2.962,50,1.3e-05,813,117,0,0,0,0.0,0.0,"rollouts=96,iter=3"
42,1,0.9414,0.7414,7.9125,633,0,0,0,0.5,6.7232,11.6125,0.579,right,0.0331,mppi,4.444,50,1.3e-05,813,117,0,0,0,0.0,0.0,"rollouts=192,iter=5"
42,1,0.9414,0.7414,7.9125,633,0,0,0,0.5,6.7232,11.6125,0.579,right,0.0336,mppi,8.7009,50,1.3e-05,813,117,0,0,0,0.0,0.0,"rollouts=384,iter=8"
43,1,1.5322,1.3322,6.25,500,0,0,0,0.5,6.1691,8.875,0.6951,right,0.0337,rrt,1.1965,2,0.0,711,0,0,0,0,0.0,0.0,iter=300
43,1,1.5322,1.3322,6.25,500,0,0,0,0.5,6.1691,8.875,0.6951,right,0.03,rrt,1.2042,2,0.0,711,0,0,0,0,0.0,0.0,iter=600
43,1,1.5322,1.3322,6.25,500,0,0,0,0.5,6.1691,8.875,0.6951,right,0.0297,rrt,1.1898,2,0.0,711,0,0,0,0,0.0,0.0,iter=900
43,1,1.5322,1.3322,6.25,500,0,0,0,0.5,6.1691,8.875,0.6951,right,0.0287,rrt_star,1.2055,2,0.0,711,0,0,0,0,0.0,0.0,iter=300
43,1,1.5322,1.3322,6.25,500,0,0,0,0.5,6.1691,8.875,0.6951,right,0.0283,rrt_star,1.2335,2,0.0,711,0,0,0,0,0.0,0.0,iter=600
43,1,1.5322,1.3322,6.25,500,0,0,0,0.5,6.1691,8.875,0.6951,right,0.028,rrt_star,1.1953,2,0.0,711,0,0,0,0,0.0,0.0,iter=900
43,1,1.5322,1.3322,6.25,500,0,0,0,0.5,6.1691,8.875,0.6951,right,0.0303,mppi,2.5065,50,0.0,711,0,0,0,0,0.0,0.0,"rollouts=96,iter=3"
43,1,1.5322,1.3322,6.25,500,0,0,0,0.5,6.1691,8.875,0.6951,right,0.0292,mppi,3.87,50,0.0,711,0,0,0,0,0.0,0.0,"rollouts=192,iter=5"
43,1,1.5322,1.3322,6.25,500,0,0,0,0.5,6.1691,8.875,0.6951,right,0.0398,mppi,8.2374,50,0.0,711,0,0,0,0,0.0,0.0,"rollouts=384,iter=8"
44,1,1.8567,1.6567,4.2375,339,0,0,0,0.5,5.4689,6.5,0.8414,left,0.0278,rrt,0.8905,2,0.0,521,0,0,0,0,0.0,0.0,iter=300
44,1,1.8567,1.6567,4.2375,339,0,0,0,0.5,5.4689,6.5,0.8414,left,0.0255,rrt,0.872,2,0.0,521,0,0,0,0,0.0,0.0,iter=600
44,1,1.8567,1.6567,4.2375,339,0,0,0,0.5,5.4689,6.5,0.8414,left,0.0246,rrt,0.8616,2,0.0,521,0,0,0,0,0.0,0.0,iter=900
44,1,1.8567,1.6567,4.2375,339,0,0,0,0.5,5.4689,6.5,0.8414,left,0.025,rrt_star,0.875,2,0.0,521,0,0,0,0,0.0,0.0,iter=300
44,1,1.8567,1.6567,4.2375,339,0,0,0,0.5,5.4689,6.5,0.8414,left,0.024,rrt_star,0.8826,2,0.0,521,0,0,0,0,0.0,0.0,iter=600
44,1,1.8567,1.6567,4.2375,339,0,0,0,0.5,5.4689,6.5,0.8414,left,0.024,rrt_star,0.8669,2,0.0,521,0,0,0,0,0.0,0.0,iter=900
44,1,1.8567,1.6567,4.2375,339,0,0,0,0.5,5.4689,6.5,0.8414,left,0.0248,mppi,2.048,50,0.0,521,0,0,0,0,0.0,0.0,"rollouts=96,iter=3"
44,1,1.8567,1.6567,4.2375,339,0,0,0,0.5,5.4689,6.5,0.8414,left,0.0283,mppi,3.605,50,0.0,521,0,0,0,0,0.0,0.0,"rollouts=192,iter=5"
44,1,1.8567,1.6567,4.2375,339,0,0,0,0.5,5.4689,6.5,0.8414,left,0.0378,mppi,7.7899,50,0.0,521,0,0,0,0,0.0,0.0,"rollouts=384,iter=8"
45,1,0.8344,0.6344,4.375,350,0,0,0,0.5,7.0615,9.1875,0.7686,left,0.0304,rrt,1.5663,3,0.000449,621,115,0,0,0,0.0,0.0,iter=300
45,1,0.7681,0.5681,4.45,356,0,0,0,0.5,7.2108,9.1875,0.7848,left,0.0325,rrt,1.451,3,0.001862,606,130,0,0,0,0.0,0.0,iter=600
45,1,0.7099,0.5099,4.25,340,0,0,0,0.5,6.9352,9.1875,0.7549,left,0.0295,rrt,1.448,3,3e-05,587,149,0,0,0,0.0,0.0,iter=900
45,1,0.7041,0.5041,4.2625,341,0,0,0,0.5,6.9474,9.1875,0.7562,left,0.0312,rrt_star,26.3878,4,4e-05,586,150,0,0,0,0.0,0.0,iter=300
45,1,0.7325,0.5325,4.275,342,0,0,0,0.5,6.9503,9.1875,0.7565,left,0.0374,rrt_star,85.2081,7,0.000168,574,162,0,0,0,0.0,0.0,iter=600
45,1,0.7299,0.5299,4.2625,341,0,0,0,0.5,6.9367,9.1875,0.755,left,0.0382,rrt_star,155.474,6,4.2e-05,591,145,0,0,0,0.0,0.0,iter=900
45,1,0.9417,0.7417,4.2125,337,0,0,0,0.5,6.9662,9.1875,0.7582,left,0.0306,mppi,2.7719,50,3.5e-05,642,94,0,0,0,0.0,0.0,"rollouts=96,iter=3"
45,1,0.9417,0.7417,4.2125,337,0,0,0,0.5,6.9662,9.1875,0.7582,left,0.0325,mppi,4.368,50,3.5e-05,642,94,0,0,0,0.0,0.0,"rollouts=192,iter=5"
45,1,0.9417,0.7417,4.2125,337,0,0,0,0.5,6.9662,9.1875,0.7582,left,0.0335,mppi,8.3784,50,3.5e-05,642,94,0,0,0,0.0,0.0,"rollouts=384,iter=8"
